Ticker,Ticker_name,Category,Date,model_score,previous_model_score,model_score_daily_change
IEF,ISHARES:7-10 TRS BD ETF,Bonds,2025-10-15,59.0,55.0,4.0
LQD,ISHARES:IBOXX $IG CORP,Bonds,2025-10-15,59.0,59.0,0.0
TIP,ISHARES:TIPS BD ETF,Bonds,2025-10-15,59.0,37.0,22.0
SHY,ISHARES:1-3 TRS BD ETF,Bonds,2025-10-15,44.0,44.0,0.0
TLT,ISHARES:20+ TRS BD ETF,Bonds,2025-10-15,1.0,1.0,0.0
STIP,ISHARES:0-5 TIPS BD ETF,Bonds,2025-10-15,-8.0,22.0,-30.0
HYG,ISHARES:IBOXX $HY CORP,Bonds,2025-10-15,-17.0,23.0,-40.0
EDV,VANGUARD EXT DUR T;ETF,Bonds,2025-10-15,-22.0,-22.0,0.0
GDX,VANECK:GOLD MINERS,Commodities,2025-10-15,54.0,47.0,7.0
GDXJ,VANECK:JR GOLD MINERS,Commodities,2025-10-15,54.0,51.0,3.0
GLD,SPDR GOLD,Commodities,2025-10-15,17.0,29.0,-12.0
SLV,ISHARES:SILVER TRUST,Commodities,2025-10-15,17.0,29.0,-12.0
UNG,UNITED STATES NAT GAS,Commodities,2025-10-15,4.0,4.0,0.0
CPER,UNITED STATES COPPER IDX,Commodities,2025-10-15,0.0,0.0,0.0
USO,UNITED STATES OIL FUND,Commodities,2025-10-15,-1.0,-1.0,0.0
SILJ,ETFMG PRIME JR SILVR MNR,Commodities,2025-10-15,-6.0,8.0,-14.0
DBB,INVESCO DB MS BMTL,Commodities,2025-10-15,-36.0,-17.0,-19.0
APP,APPLOVIN CORP,Communication Services,2025-10-15,30.0,79.0,-49.0
NFLX,"NETFLIX, INC.",Communication Services,2025-10-15,17.0,-5.0,22.0
DIS,THE WALT DISNEY COMPANY,Communication Services,2025-10-15,15.0,15.0,0.0
TTWO,"TAKE-TWO INTERACTIVE SOFTWARE, INC.",Communication Services,2025-10-15,14.0,64.0,-50.0
PSKY,PARAMOUNT SKYDANCE ,Communication Services,2025-10-15,7.0,7.0,0.0
WBD,"WARNER BROS. DISCOVERY, INC.",Communication Services,2025-10-15,7.0,7.0,0.0
GOOGL,ALPHABET INC.,Communication Services,2025-10-15,5.0,25.0,-20.0
MTCH,"MATCH GROUP, INC.",Communication Services,2025-10-15,0.0,0.0,0.0
META,"META PLATFORMS, INC.",Communication Services,2025-10-15,0.0,0.0,0.0
NWSA,NEWS CORP.,Communication Services,2025-10-15,0.0,0.0,0.0
LYV,"LIVE NATION ENTERTAINMENT, INC.",Communication Services,2025-10-15,0.0,0.0,0.0
TMUS,"T-MOBILE US, INC.",Communication Services,2025-10-15,0.0,0.0,0.0
TKO,"TKO GROUP HOLDINGS, INC.",Communication Services,2025-10-15,0.0,0.0,0.0
CMCSA,COMCAST ,Communication Services,2025-10-15,-0.0,-0.0,0.0
VZ,VERIZON COMMUNICATIONS INC.,Communication Services,2025-10-15,-0.0,0.0,-0.0
T,AT&T INC.,Communication Services,2025-10-15,0.0,0.0,0.0
FOXA,FOX ,Communication Services,2025-10-15,0.0,0.0,0.0
CHTR,"CHARTER COMMUNICATIONS, INC.",Communication Services,2025-10-15,-12.0,-12.0,0.0
EA,ELECTRONIC ARTS INC.,Communication Services,2025-10-15,-26.0,-10.0,-16.0
OMC,OMNICOM GROUP INC.,Communication Services,2025-10-15,-30.0,-55.0,25.0
TTD,"THE TRADE DESK, INC.",Communication Services,2025-10-15,-54.0,-38.0,-16.0
IPG,THE INTERPUBLIC GROUP,Communication Services,2025-10-15,-56.0,-26.0,-30.0
DASH,"DOORDASH, INC.",Consumer Discretionary,2025-10-15,83.0,67.0,16.0
DHI,"D.R. HORTON, INC.",Consumer Discretionary,2025-10-15,81.0,81.0,0.0
EXPE,"EXPEDIA GROUP, INC.",Consumer Discretionary,2025-10-15,68.0,68.0,0.0
ULTA,"ULTA BEAUTY, INC.",Consumer Discretionary,2025-10-15,48.0,18.0,30.0
AZO,"AUTOZONE, INC.",Consumer Discretionary,2025-10-15,43.0,59.0,-16.0
GRMN,GARMIN LTD,Consumer Discretionary,2025-10-15,35.0,35.0,0.0
ORLY,"O'REILLY AUTOMOTIVE, INC.",Consumer Discretionary,2025-10-15,35.0,35.0,0.0
MCD,MCDONALD'S ,Consumer Discretionary,2025-10-15,31.0,31.0,0.0
NCLH,NORWEGIAN CRUISE LINE HOLDINGS LTD.,Consumer Discretionary,2025-10-15,28.0,28.0,0.0
DECK,DECKERS OUTDOOR ,Consumer Discretionary,2025-10-15,27.0,27.0,0.0
WYNN,"WYNN RESORTS, LIMITED",Consumer Discretionary,2025-10-15,26.0,26.0,0.0
CCL,CARNIVAL CORP,Consumer Discretionary,2025-10-15,26.0,52.0,-26.0
AMZN,"AMAZON.COM, INC.",Consumer Discretionary,2025-10-15,26.0,-1.0,27.0
WSM,"WILLIAMS-SONOMA, INC.",Consumer Discretionary,2025-10-15,26.0,26.0,0.0
F,FORD MOTOR COMPANY,Consumer Discretionary,2025-10-15,24.0,24.0,0.0
YUM,"YUM! BRANDS, INC.",Consumer Discretionary,2025-10-15,24.0,55.0,-31.0
HAS,"HASBRO, INC.",Consumer Discretionary,2025-10-15,24.0,26.0,-2.0
TPR,"TAPESTRY, INC.",Consumer Discretionary,2025-10-15,24.0,55.0,-31.0
TJX,"THE TJX COMPANIES, INC.",Consumer Discretionary,2025-10-15,23.0,50.0,-27.0
TSLA,"TESLA, INC.",Consumer Discretionary,2025-10-15,14.0,14.0,0.0
GPC,GENUINE PARTS COMPANY,Consumer Discretionary,2025-10-15,13.0,13.0,0.0
RL,RALPH LAUREN ,Consumer Discretionary,2025-10-15,12.0,43.0,-31.0
APTV,APTIV PLC,Consumer Discretionary,2025-10-15,7.0,20.0,-13.0
LVS,LAS VEGAS SANDS CORP.,Consumer Discretionary,2025-10-15,5.0,5.0,0.0
NKE,"NIKE, INC.",Consumer Discretionary,2025-10-15,3.0,3.0,0.0
TSCO,TRACTOR SUPPLY COMPANY,Consumer Discretionary,2025-10-15,-0.0,-0.0,0.0
PHM,"PULTEGROUP, INC.",Consumer Discretionary,2025-10-15,0.0,0.0,0.0
LKQ,LKQ ,Consumer Discretionary,2025-10-15,0.0,0.0,0.0
MGM,MGM RESORTS INTERNATIONAL,Consumer Discretionary,2025-10-15,0.0,0.0,0.0
RCL,ROYAL CARIBBEAN CRUISES LTD.,Consumer Discretionary,2025-10-15,0.0,0.0,0.0
KMX,"CARMAX, INC.",Consumer Discretionary,2025-10-15,-0.0,-0.0,0.0
GM,GENERAL MOTORS COMPANY,Consumer Discretionary,2025-10-15,0.0,0.0,0.0
LOW,"LOWE'S COMPANIES, INC.",Consumer Discretionary,2025-10-15,0.0,0.0,0.0
BKNG,BOOKING HOLDINGS INC.,Consumer Discretionary,2025-10-15,-0.0,-0.0,0.0
NVR,"NVR, INC.",Consumer Discretionary,2025-10-15,0.0,0.0,0.0
EBAY,EBAY INC.,Consumer Discretionary,2025-10-15,0.0,0.0,0.0
DRI,"DARDEN RESTAURANTS, INC.",Consumer Discretionary,2025-10-15,0.0,0.0,0.0
HD,"THE HOME DEPOT, INC.",Consumer Discretionary,2025-10-15,0.0,0.0,0.0
POOL,POOL ,Consumer Discretionary,2025-10-15,-8.0,-10.0,2.0
DPZ,"DOMINO'S PIZZA, INC.",Consumer Discretionary,2025-10-15,-8.0,-8.0,0.0
LEN,LENNAR ,Consumer Discretionary,2025-10-15,-14.0,-14.0,0.0
MHK,"MOHAWK INDUSTRIES, INC.",Consumer Discretionary,2025-10-15,-14.0,15.0,-29.0
MAR,"MARRIOTT INTERNATIONAL, INC.",Consumer Discretionary,2025-10-15,-17.0,-17.0,0.0
HLT,HILTON WORLDWIDE HOLDINGS INC.,Consumer Discretionary,2025-10-15,-24.0,-15.0,-9.0
SBUX,STARBUCKS ,Consumer Discretionary,2025-10-15,-36.0,-36.0,0.0
ABNB,"AIRBNB, INC.",Consumer Discretionary,2025-10-15,-38.0,-38.0,0.0
LULU,LULULEMON ATHLETICA INC.,Consumer Discretionary,2025-10-15,-44.0,-44.0,0.0
CMG,"CHIPOTLE MEXICAN GRILL, INC.",Consumer Discretionary,2025-10-15,-47.0,-47.0,0.0
ROST,"ROSS STORES, INC.",Consumer Discretionary,2025-10-15,-48.0,-31.0,-17.0
BBY,"BEST BUY CO., INC.",Consumer Discretionary,2025-10-15,-77.0,-56.0,-21.0
PG,THE PROCTER & GAMBLE COMPANY,Consumer Staples,2025-10-15,60.0,87.0,-27.0
MO,"ALTRIA GROUP, INC.",Consumer Staples,2025-10-15,57.0,4.0,53.0
MKC,"MCCORMICK & COMPANY, INC.",Consumer Staples,2025-10-15,18.0,-11.0,29.0
KMB,KIMBERLY-CLARK ,Consumer Staples,2025-10-15,17.0,73.0,-56.0
CHD,"CHURCH & DWIGHT CO., INC.",Consumer Staples,2025-10-15,17.0,15.0,2.0
HSY,THE HERSHEY COMPANY,Consumer Staples,2025-10-15,1.0,12.0,-11.0
PM,PHILIP MORRIS INTERNATIONAL INC.,Consumer Staples,2025-10-15,0.0,0.0,0.0
HRL,HORMEL FOODS ,Consumer Staples,2025-10-15,-0.0,-0.0,0.0
KDP,KEURIG DR PEPPER INC.,Consumer Staples,2025-10-15,-0.0,-0.0,0.0
CL,COLGATE-PALMOLIVE COMPANY,Consumer Staples,2025-10-15,-0.0,-0.0,0.0
SYY,SYSCO ,Consumer Staples,2025-10-15,0.0,0.0,0.0
TSN,"TYSON FOODS, INC.",Consumer Staples,2025-10-15,0.0,0.0,0.0
COST,COSTCO WHOLESALE ,Consumer Staples,2025-10-15,-0.0,-0.0,0.0
CLX,THE CLOROX COMPANY,Consumer Staples,2025-10-15,-4.0,-5.0,1.0
KO,THE COCA-COLA COMPANY,Consumer Staples,2025-10-15,-10.0,-22.0,12.0
CAG,"CONAGRA BRANDS, INC.",Consumer Staples,2025-10-15,-11.0,-20.0,9.0
K,KELLANOVA,Consumer Staples,2025-10-15,-11.0,-11.0,0.0
WMT,WALMART INC.,Consumer Staples,2025-10-15,-12.0,36.0,-48.0
KHC,THE KRAFT HEINZ COMPANY,Consumer Staples,2025-10-15,-13.0,-13.0,0.0
DG,DOLLAR GENERAL ,Consumer Staples,2025-10-15,-14.0,12.0,-26.0
KR,THE KROGER CO.,Consumer Staples,2025-10-15,-14.0,-22.0,8.0
MDLZ,"MONDELEZ INTERNATIONAL, INC.",Consumer Staples,2025-10-15,-17.0,-22.0,5.0
MNST,MONSTER BEVERAGE ,Consumer Staples,2025-10-15,-19.0,-19.0,0.0
CPB,CAMPBELL SOUP COMPANY,Consumer Staples,2025-10-15,-20.0,-20.0,0.0
SJM,THE J. M. SMUCKER COMPANY,Consumer Staples,2025-10-15,-22.0,-11.0,-11.0
KVUE,KENVUE INC.,Consumer Staples,2025-10-15,-24.0,-23.0,-1.0
ADM,ARCHER-DANIELS-MIDLAND COMPANY.,Consumer Staples,2025-10-15,-27.0,12.0,-39.0
GIS,"GENERAL MILLS, INC.",Consumer Staples,2025-10-15,-30.0,-5.0,-25.0
TAP,MOLSON COORS BEVERAGE COMPANY,Consumer Staples,2025-10-15,-42.0,-22.0,-20.0
EL,THE ESTEE LAUDER COMPANIES INC.,Consumer Staples,2025-10-15,-43.0,-35.0,-8.0
TGT,TARGET ,Consumer Staples,2025-10-15,-51.0,-41.0,-10.0
DLTR,"DOLLAR TREE, INC.",Consumer Staples,2025-10-15,-52.0,-31.0,-21.0
PEP,"PEPSICO, INC.",Consumer Staples,2025-10-15,-54.0,-45.0,-9.0
STZ,"CONSTELLATION BRANDS, INC.",Consumer Staples,2025-10-15,-63.0,-82.0,19.0
BF.B,BROWN-FORMAN ,Consumer Staples,2025-10-15,-76.0,-49.0,-27.0
BG,BUNGE LIMITED,Consumer Staples,2025-10-15,-80.0,-24.0,-56.0
LW,"LAMB WESTON HOLDINGS, INC.",Consumer Staples,2025-10-15,-83.0,-60.0,-23.0
FXY,INVESCO:JAPANESE YEN,Currencies,2025-10-15,85.0,81.0,4.0
FXE,INVESCO:EURO,Currencies,2025-10-15,49.0,49.0,0.0
FXA,INVESCO:AU DOLLAR,Currencies,2025-10-15,23.0,3.0,20.0
FXB,INVESCO:GBP STERLING,Currencies,2025-10-15,13.0,-8.0,21.0
FXC,INVESCO:CANADIAN DOLLAR,Currencies,2025-10-15,-10.0,26.0,-36.0
UUP,INVESCO DB USD IDX BL,Currencies,2025-10-15,-79.0,-99.0,20.0
MPC,MARATHON PETROLEUM ,Energy,2025-10-15,55.0,55.0,0.0
BKR,BAKER HUGHES COMPANY,Energy,2025-10-15,41.0,41.0,0.0
WMB,"THE WILLIAMS COMPANIES, INC.",Energy,2025-10-15,37.0,37.0,0.0
PSX,PHILLIPS 66,Energy,2025-10-15,29.0,-12.0,41.0
DVN,DEVON ENERGY ,Energy,2025-10-15,23.0,-2.0,25.0
CTRA,COTERRA ENERGY INC.,Energy,2025-10-15,23.0,23.0,0.0
KMI,"KINDER MORGAN, INC.",Energy,2025-10-15,21.0,21.0,0.0
COP,CONOCOPHILLIPS,Energy,2025-10-15,17.0,23.0,-6.0
XOM,EXXON MOBIL ,Energy,2025-10-15,15.0,14.0,1.0
HAL,HALLIBURTON COMPANY,Energy,2025-10-15,14.0,14.0,0.0
VLO,VALERO ENERGY ,Energy,2025-10-15,14.0,19.0,-5.0
OXY,OCCIDENTAL PETROLEUM ,Energy,2025-10-15,14.0,-0.0,14.0
EXE,EXPAND ENERGY ,Energy,2025-10-15,14.0,14.0,0.0
EQT,EQT ,Energy,2025-10-15,0.0,10.0,-10.0
TRGP,TARGA RESOURCES CORP.,Energy,2025-10-15,0.0,0.0,0.0
CVX,CHEVRON ,Energy,2025-10-15,-8.0,-8.0,0.0
EOG,"EOG RESOURCES, INC.",Energy,2025-10-15,-8.0,-8.0,0.0
SLB,SCHLUMBERGER N.V.,Energy,2025-10-15,-8.0,-8.0,0.0
TPL,TEXAS PACIFIC LAND ,Energy,2025-10-15,-17.0,-17.0,0.0
FANG,"DIAMONDBACK ENERGY, INC.",Energy,2025-10-15,-24.0,-34.0,10.0
APA,APA ,Energy,2025-10-15,-30.0,14.0,-44.0
OKE,"ONEOK, INC.",Energy,2025-10-15,-39.0,-14.0,-25.0
USB,U.S. BANCORP,Financials,2025-10-15,82.0,58.0,24.0
KEY,KEYCORP,Financials,2025-10-15,82.0,57.0,25.0
NTRS,NORTHERN TRUST ,Financials,2025-10-15,71.0,55.0,16.0
TRV,"THE TRAVELERS COMPANIES, INC.",Financials,2025-10-15,71.0,62.0,9.0
HIG,THE HARTFORD FINANCIAL SERVICES GROUP,Financials,2025-10-15,69.0,45.0,24.0
SYF,SYNCHRONY FINANCIAL,Financials,2025-10-15,68.0,72.0,-4.0
GS,"THE GOLDMAN SACHS GROUP, INC.",Financials,2025-10-15,67.0,67.0,0.0
RJF,"RAYMOND JAMES FINANCIAL, INC.",Financials,2025-10-15,67.0,67.0,0.0
TFC,TRUIST FINANCIAL ,Financials,2025-10-15,67.0,57.0,10.0
AXP,AMERICAN EXPRESS COMPANY,Financials,2025-10-15,60.0,68.0,-8.0
MS,MORGAN STANLEY,Financials,2025-10-15,58.0,71.0,-13.0
BAC,BANK OF AMERICA ,Financials,2025-10-15,58.0,68.0,-10.0
HOOD,"ROBINHOOD MARKETS, INC.",Financials,2025-10-15,57.0,57.0,0.0
CINF,CINCINNATI FINANCIAL ,Financials,2025-10-15,57.0,35.0,22.0
PYPL,"PAYPAL HOLDINGS, INC.",Financials,2025-10-15,55.0,47.0,8.0
STT,STATE STREET ,Financials,2025-10-15,50.0,35.0,15.0
WTW,WILLIS TOWERS WATSON,Financials,2025-10-15,48.0,28.0,20.0
IBKR,"INTERACTIVE BROKERS GROUP, INC.",Financials,2025-10-15,43.0,55.0,-12.0
ALL,THE ALLSTATE ,Financials,2025-10-15,41.0,26.0,15.0
C,CITIGROUP INC.,Financials,2025-10-15,37.0,37.0,0.0
FITB,FIFTH THIRD BANCORP,Financials,2025-10-15,35.0,26.0,9.0
WRB,W. R. BERKLEY ,Financials,2025-10-15,33.0,-4.0,37.0
COF,CAPITAL ONE FINANCIAL ,Financials,2025-10-15,32.0,35.0,-3.0
JPM,JPMORGAN CHASE & CO.,Financials,2025-10-15,32.0,43.0,-11.0
COIN,"COINBASE GLOBAL, INC.",Financials,2025-10-15,30.0,30.0,0.0
BK,THE BANK OF NEW YORK MELLON ,Financials,2025-10-15,28.0,62.0,-34.0
APO,"APOLLO GLOBAL MANAGEMENT, INC.",Financials,2025-10-15,28.0,-8.0,36.0
CFG,"CITIZENS FINANCIAL GROUP, INC.",Financials,2025-10-15,26.0,57.0,-31.0
CBOE,"CBOE GLOBAL MARKETS, INC.",Financials,2025-10-15,25.0,53.0,-28.0
MCO,MOODY'S ,Financials,2025-10-15,23.0,-8.0,31.0
BEN,"FRANKLIN RESOURCES, INC.",Financials,2025-10-15,23.0,23.0,0.0
BLK,"BLACKROCK, INC.",Financials,2025-10-15,18.0,45.0,-27.0
L,LOEWS ,Financials,2025-10-15,14.0,-2.0,16.0
XYZ,"BLOCK, INC.",Financials,2025-10-15,12.0,12.0,0.0
NDAQ,"NASDAQ, INC.",Financials,2025-10-15,12.0,12.0,0.0
PFG,"PRINCIPAL FINANCIAL GROUP, INC.",Financials,2025-10-15,12.0,12.0,0.0
BRK.B,"BERKSHIRE HATHAWAY INC.,",Financials,2025-10-15,12.0,12.0,0.0
CME,CME GROUP INC.,Financials,2025-10-15,6.0,6.0,0.0
SCHW,THE CHARLES SCHWAB ,Financials,2025-10-15,6.0,43.0,-37.0
WFC,WELLS FARGO & COMPANY,Financials,2025-10-15,6.0,42.0,-36.0
AJG,ARTHUR J. GALLAGHER & CO.,Financials,2025-10-15,6.0,-46.0,52.0
IVZ,INVESCO LTD.,Financials,2025-10-15,4.0,4.0,0.0
ACGL,ARCH CAPITAL GROUP LTD.,Financials,2025-10-15,3.0,-57.0,60.0
FI,"FISERV, INC.",Financials,2025-10-15,-0.0,-0.0,0.0
PNC,"THE PNC FINANCIAL SERVICES GROUP, INC.",Financials,2025-10-15,0.0,0.0,0.0
MTB,M&T BANK ,Financials,2025-10-15,0.0,0.0,0.0
RF,REGIONS FINANCIAL ,Financials,2025-10-15,0.0,0.0,0.0
FDS,FACTSET RESEARCH SYSTEMS INC.,Financials,2025-10-15,-0.0,-0.0,0.0
PGR,THE PROGRESSIVE ,Financials,2025-10-15,0.0,-0.0,0.0
BX,BLACKSTONE INC,Financials,2025-10-15,-0.0,0.0,-0.0
HBAN,HUNTINGTON BANCSHARES INC.,Financials,2025-10-15,0.0,0.0,0.0
ICE,"INTERCONTINENTAL EXCHANGE, INC.",Financials,2025-10-15,0.0,0.0,0.0
SPGI,S&P GLOBAL INC.,Financials,2025-10-15,0.0,0.0,0.0
KKR,KKR & CO. INC.,Financials,2025-10-15,-1.0,-1.0,0.0
MA,MASTERCARD INC..,Financials,2025-10-15,-1.0,23.0,-24.0
GL,GLOBE LIFE INC.,Financials,2025-10-15,-6.0,-11.0,5.0
AON,AON PLC,Financials,2025-10-15,-6.0,-24.0,18.0
CPAY,"FLEETCOR TECHNOLOGIES, INC.",Financials,2025-10-15,-15.0,-15.0,0.0
MSCI,MSCI INC.,Financials,2025-10-15,-15.0,-15.0,0.0
TROW,"T. ROWE PRICE GROUP, INC.",Financials,2025-10-15,-17.0,-17.0,0.0
PRU,"PRUDENTIAL FINANCIAL, INC.",Financials,2025-10-15,-17.0,-26.0,9.0
GPN,GLOBAL PAYMENTS INC.,Financials,2025-10-15,-22.0,-26.0,4.0
JKHY,"JACK HENRY & ASSOCIATES, INC.",Financials,2025-10-15,-22.0,-22.0,0.0
AFL,AFLAC INC.,Financials,2025-10-15,-24.0,-34.0,10.0
FIS,FIDELITY NATIONAL INFORMATION SERVICES,Financials,2025-10-15,-24.0,-39.0,15.0
AMP,"AMERIPRISE FINANCIAL, INC.",Financials,2025-10-15,-24.0,-24.0,0.0
V,VISA INC.,Financials,2025-10-15,-24.0,-24.0,0.0
AIZ,"ASSURANT, INC.",Financials,2025-10-15,-26.0,-46.0,20.0
AIG,"AMERICAN INTERNATIONAL GROUP, INC.",Financials,2025-10-15,-30.0,-38.0,8.0
CB,CHUBB LTD,Financials,2025-10-15,-34.0,-70.0,36.0
EG,"EVEREST GROUP, LTD.",Financials,2025-10-15,-43.0,-62.0,19.0
MET,"METLIFE, INC.",Financials,2025-10-15,-46.0,-30.0,-16.0
BRO,"BROWN & BROWN, INC.",Financials,2025-10-15,-54.0,-63.0,9.0
ERIE,ERIE INDEMNITY COMPANY,Financials,2025-10-15,-54.0,-54.0,0.0
MMC,"MARSH & MCLENNAN COMPANIES, INC.",Financials,2025-10-15,-63.0,-75.0,12.0
EWI,ISHARES:MSCI ITALY,Foreign,2025-10-15,79.0,79.0,0.0
EWC,ISHARES:MSCI CANADA,Foreign,2025-10-15,71.0,55.0,16.0
EWS,ISHARES:MSCI SINGAPORE,Foreign,2025-10-15,67.0,64.0,3.0
GREK,GLBL X MSCI GREECE,Foreign,2025-10-15,58.0,56.0,2.0
EDEN,ISHARES:MSCI DENMARK,Foreign,2025-10-15,52.0,35.0,17.0
EWN,ISHARES:MSCI NETHERLANDS,Foreign,2025-10-15,45.0,42.0,3.0
EWK,ISHARES:MSCI BELGIUM,Foreign,2025-10-15,45.0,45.0,0.0
NORW,GLBL X MSCI NORWAY ETF,Foreign,2025-10-15,42.0,28.0,14.0
MCHI,ISHARES:MSCI CHINA,Foreign,2025-10-15,41.0,43.0,-2.0
ECH,ISHARES:MSCI CHILE,Foreign,2025-10-15,32.0,44.0,-12.0
EWH,ISHARES:MSCI HONG KONG,Foreign,2025-10-15,32.0,64.0,-32.0
EWP,ISHARES:MSCI SPAIN,Foreign,2025-10-15,32.0,32.0,0.0
EWW,ISHARES:MSCI MEXICO,Foreign,2025-10-15,28.0,37.0,-9.0
EWZ,ISHARES:MSCI BRAZIL,Foreign,2025-10-15,23.0,23.0,0.0
THD,ISHARES:MSCI THAI,Foreign,2025-10-15,23.0,29.0,-6.0
INDA,ISHARES:MSCI INDIA,Foreign,2025-10-15,20.0,38.0,-18.0
EWG,ISHARES:MSCI GERMANY,Foreign,2025-10-15,18.0,12.0,6.0
EIDO,ISHARES:MSCI INDONESIA,Foreign,2025-10-15,15.0,15.0,0.0
EWU,ISHARES:MSCI UK,Foreign,2025-10-15,14.0,-1.0,15.0
EPU,ISHARES:MSCI PERU,Foreign,2025-10-15,14.0,30.0,-16.0
EWM,ISHARES:MSCI MALAYSIA,Foreign,2025-10-15,14.0,10.0,4.0
ENZL,ISHARES:MSCI NEW ZLND,Foreign,2025-10-15,12.0,12.0,0.0
EWO,ISHARES:MSCI AUSTRIA,Foreign,2025-10-15,11.0,42.0,-31.0
EFNL,ISHARES:MSCI FINLAND,Foreign,2025-10-15,7.0,7.0,0.0
EPOL,ISHARES:MSCI POLAND,Foreign,2025-10-15,5.0,13.0,-8.0
EWD,ISHARES:MSCI SWEDEN,Foreign,2025-10-15,5.0,36.0,-31.0
EIRL,ISHARES:MSCI IRELAND,Foreign,2025-10-15,4.0,4.0,0.0
EIS,ISHARES:MSCI ISRAEL,Foreign,2025-10-15,3.0,11.0,-8.0
EPHE,ISHARES:MSCI PHILIPPINES,Foreign,2025-10-15,-1.0,-1.0,0.0
QAT,ISHARES:MSCI QATAR,Foreign,2025-10-15,-3.0,-3.0,0.0
TUR,ISHARES:MSCI TURKEY,Foreign,2025-10-15,-10.0,-23.0,13.0
EWA,ISHARES:MSCI AUSTRALIA,Foreign,2025-10-15,-17.0,-2.0,-15.0
EWJ,ISHARES:MSCI JAPAN,Foreign,2025-10-15,-22.0,-2.0,-20.0
EWQ,ISHARES:MSCI FRANCE,Foreign,2025-10-15,-22.0,-22.0,0.0
VNM,VANECK:VIETNAM,Foreign,2025-10-15,-27.0,-27.0,0.0
EWY,ISHARES:MSCI S KOREA,Foreign,2025-10-15,-27.0,38.0,-65.0
EWT,ISHARES:MSCI TAIWAN,Foreign,2025-10-15,-31.0,-16.0,-15.0
EWL,ISHARES:MSCI SWITZERLAND,Foreign,2025-10-15,-57.0,-30.0,-27.0
BTC=F,BITCOIN FUTURES,Futures,2025-10-15,59.0,61.0,-2.0
NQ=F,NASDAQ 100 FUTURES,Futures,2025-10-15,16.0,21.0,-5.0
ES=F,E-MINI S&P 500 FUTURES,Futures,2025-10-15,16.0,16.0,0.0
PODD,INSULET ,Health Care,2025-10-15,63.0,56.0,7.0
DGX,QUEST DIAGNOSTICS INC.,Health Care,2025-10-15,58.0,55.0,3.0
ABT,ABBOTT LABORATORIES,Health Care,2025-10-15,56.0,25.0,31.0
RMD,RESMED INC.,Health Care,2025-10-15,50.0,58.0,-8.0
HCA,"HCA HEALTHCARE, INC.",Health Care,2025-10-15,40.0,40.0,0.0
BMY,BRISTOL-MYERS SQUIBB COMPANY,Health Care,2025-10-15,16.0,16.0,0.0
EW,EDWARDS LIFESCIENCES ,Health Care,2025-10-15,16.0,16.0,0.0
STE,STERIS PUBLIC LIMITED COMPANY,Health Care,2025-10-15,15.0,-15.0,30.0
MDT,MEDTRONIC PUBLIC LIMITED COMPANY,Health Care,2025-10-15,13.0,1.0,12.0
IDXX,"IDEXX LABORATORIES, INC.",Health Care,2025-10-15,12.0,12.0,0.0
GILD,"GILEAD SCIENCES, INC.",Health Care,2025-10-15,12.0,-6.0,18.0
BIIB,BIOGEN INC.,Health Care,2025-10-15,9.0,-1.0,10.0
UHS,"UNIVERSAL HEALTH SERVICES, INC.",Health Care,2025-10-15,8.0,11.0,-3.0
LH,LABORATORY  OF AMERICA HOLDINGS,Health Care,2025-10-15,5.0,5.0,0.0
INCY,INCYTE ,Health Care,2025-10-15,5.0,18.0,-13.0
ABBV,ABBVIE INC.,Health Care,2025-10-15,3.0,-5.0,8.0
ZBH,"ZIMMER BIOMET HOLDINGS, INC.",Health Care,2025-10-15,0.0,0.0,0.0
ALGN,"ALIGN TECHNOLOGY, INC.",Health Care,2025-10-15,-0.0,-0.0,0.0
DVA,DAVITA INC.,Health Care,2025-10-15,0.0,-0.0,0.0
CAH,"CARDINAL HEALTH, INC.",Health Care,2025-10-15,0.0,0.0,0.0
VTRS,VIATRIS INC.,Health Care,2025-10-15,-3.0,-3.0,0.0
DXCM,"DEXCOM, INC.",Health Care,2025-10-15,-4.0,-4.0,0.0
PFE,PFIZER INC.,Health Care,2025-10-15,-5.0,-5.0,0.0
HSIC,"HENRY SCHEIN, INC.",Health Care,2025-10-15,-7.0,-8.0,1.0
COR,"CENCORA, INC.",Health Care,2025-10-15,-10.0,-12.0,2.0
HUM,HUMANA INC.,Health Care,2025-10-15,-11.0,-11.0,0.0
BSX,BOSTON SCIENTIFIC ,Health Care,2025-10-15,-14.0,4.0,-18.0
SYK,STRYKER ,Health Care,2025-10-15,-15.0,38.0,-53.0
SOLV,SOLVENTUM ,Health Care,2025-10-15,-15.0,38.0,-53.0
MTD,METTLER-TOLEDO INTERNATIONAL INC.,Health Care,2025-10-15,-17.0,-9.0,-8.0
REGN,"REGENERON PHARMACEUTICALS, INC.",Health Care,2025-10-15,-17.0,-26.0,9.0
ISRG,"INTUITIVE SURGICAL, INC.",Health Care,2025-10-15,-23.0,-23.0,0.0
GEHC,GE HEALTHCARE TECHNOLOGIES INC.,Health Care,2025-10-15,-24.0,-15.0,-9.0
MCK,MCKESSON ,Health Care,2025-10-15,-27.0,-24.0,-3.0
ZTS,ZOETIS INC.,Health Care,2025-10-15,-27.0,-36.0,9.0
TMO,THERMO FISHER SCIENTIFIC INC.,Health Care,2025-10-15,-28.0,-25.0,-3.0
RVTY,"REVVITY, INC.",Health Care,2025-10-15,-29.0,-27.0,-2.0
A,"AGILENT TECHNOLOGIES, INC.",Health Care,2025-10-15,-30.0,-25.0,-5.0
IQV,IQVIA HOLDINGS INC,Health Care,2025-10-15,-30.0,-30.0,0.0
WST,"WEST PHARMACEUTICAL SERVICES, INC.",Health Care,2025-10-15,-30.0,-30.0,0.0
HOLX,"HOLOGIC, INC.",Health Care,2025-10-15,-31.0,1.0,-32.0
BAX,BAXTER INTERNATIONAL INC.,Health Care,2025-10-15,-31.0,-17.0,-14.0
CI,THE CIGNA GROUP,Health Care,2025-10-15,-36.0,-58.0,22.0
CVS,CVS HEALTH ,Health Care,2025-10-15,-37.0,-37.0,0.0
JNJ,JOHNSON & JOHNSON,Health Care,2025-10-15,-39.0,-33.0,-6.0
BDX,"BECTON, DICKINSON AND COMPANY",Health Care,2025-10-15,-41.0,-51.0,10.0
CNC,CENTENE ,Health Care,2025-10-15,-43.0,-62.0,19.0
DHR,DANAHER ,Health Care,2025-10-15,-44.0,-44.0,0.0
TECH,BIO-TECHNE ,Health Care,2025-10-15,-49.0,-23.0,-26.0
MRK,"MERCK & CO., INC.",Health Care,2025-10-15,-49.0,-49.0,0.0
WAT,WATERS ,Health Care,2025-10-15,-51.0,-51.0,0.0
LLY,ELI LILLY AND COMPANY,Health Care,2025-10-15,-52.0,-73.0,21.0
AMGN,AMGEN INC.,Health Care,2025-10-15,-52.0,-36.0,-16.0
VRTX,VERTEX PHARMACEUTICALS INC.,Health Care,2025-10-15,-52.0,-52.0,0.0
CRL,CHARLES RIVER LABORATORIES,Health Care,2025-10-15,-55.0,-55.0,0.0
UNH,UNITEDHEALTH GROUP INC.,Health Care,2025-10-15,-55.0,-55.0,0.0
ELV,"ELEVANCE HEALTH, INC.",Health Care,2025-10-15,-62.0,-95.0,33.0
MRNA,"MODERNA, INC.",Health Care,2025-10-15,-63.0,-58.0,-5.0
COO,"THE COOPER COMPANIES, INC.",Health Care,2025-10-15,-65.0,-82.0,17.0
MOH,"MOLINA HEALTHCARE, INC.",Health Care,2025-10-15,-92.0,-95.0,3.0
DJI,DOW JONES INDUSTRIAL AVERAGE INDEX,Indices,2025-10-15,21.0,4.0,17.0
NDX,NASDAQ 100 INDEX,Indices,2025-10-15,21.0,35.0,-14.0
SPX,S&P 500 INDEX,Indices,2025-10-15,21.0,35.0,-14.0
RUT,RUSSELL 2000 INDEX,Indices,2025-10-15,-47.0,-10.0,-37.0
PH,PARKER-HANNIFIN ,Industrials,2025-10-15,68.0,60.0,8.0
RTX,RTX ,Industrials,2025-10-15,67.0,57.0,10.0
ALLE,ALLEGION PUBLIC LIMITED COMPANY,Industrials,2025-10-15,63.0,45.0,18.0
WM,"WASTE MANAGEMENT, INC.",Industrials,2025-10-15,58.0,-24.0,82.0
LDOS,"LEIDOS HOLDINGS, INC.",Industrials,2025-10-15,57.0,57.0,0.0
GD,GENERAL DYNAMICS ,Industrials,2025-10-15,55.0,55.0,0.0
NSC,NORFOLK SOUTHERN ,Industrials,2025-10-15,55.0,55.0,0.0
LHX,"L3HARRIS TECHNOLOGIES, INC.",Industrials,2025-10-15,55.0,47.0,8.0
UBER,"UBER TECHNOLOGIES, INC.",Industrials,2025-10-15,53.0,64.0,-11.0
XYL,XYLEM INC.,Industrials,2025-10-15,50.0,28.0,22.0
GE,GENERAL ELECTRIC COMPANY,Industrials,2025-10-15,50.0,55.0,-5.0
ROL,"ROLLINS, INC.",Industrials,2025-10-15,50.0,10.0,40.0
AXON,"AXON ENTERPRISE, INC.",Industrials,2025-10-15,48.0,64.0,-16.0
SNA,SNAP-ON INC.,Industrials,2025-10-15,43.0,19.0,24.0
EFX,EQUIFAX INC.,Industrials,2025-10-15,42.0,69.0,-27.0
CHRW,"C.H. ROBINSON WORLDWIDE, INC.",Industrials,2025-10-15,32.0,64.0,-32.0
PAYC,"PAYCOM SOFTWARE, INC.",Industrials,2025-10-15,30.0,38.0,-8.0
DE,DEERE & COMPANY,Industrials,2025-10-15,29.0,29.0,0.0
PNR,PENTAIR PUBLIC LIMITED COMPANY,Industrials,2025-10-15,29.0,12.0,17.0
HWM,HOWMET AEROSPACE INC.,Industrials,2025-10-15,26.0,57.0,-31.0
GNRC,GENERAC HOLDINGS INC.,Industrials,2025-10-15,26.0,31.0,-5.0
CMI,CUMMINS INC.,Industrials,2025-10-15,24.0,55.0,-31.0
GEV,GE VERNOVA INC.,Industrials,2025-10-15,23.0,16.0,7.0
HON,HONEYWELL INTERNATIONAL INC.,Industrials,2025-10-15,23.0,-12.0,35.0
UAL,"UNITED AIRLINES HOLDINGS, INC.",Industrials,2025-10-15,20.0,20.0,0.0
MMM,3M COMPANY,Industrials,2025-10-15,19.0,58.0,-39.0
MAS,MASCO ,Industrials,2025-10-15,17.0,-14.0,31.0
AOS,A. O. SMITH ,Industrials,2025-10-15,17.0,54.0,-37.0
HII,"HUNTINGTON INGALLS INDUSTRIES, INC.",Industrials,2025-10-15,16.0,-22.0,38.0
IR,INGERSOLL RAND INC.,Industrials,2025-10-15,16.0,-17.0,33.0
JCI,JOHNSON CONTROLS INTERNATIONAL PLC,Industrials,2025-10-15,16.0,55.0,-39.0
EME,"EMCOR GROUP, INC.",Industrials,2025-10-15,5.0,41.0,-36.0
ADP,"AUTOMATIC DATA PROCESSING, INC.",Industrials,2025-10-15,4.0,3.0,1.0
NOC,NORTHROP GRUMMAN ,Industrials,2025-10-15,4.0,-42.0,46.0
VLTO,VERALTO ,Industrials,2025-10-15,1.0,-16.0,17.0
CTAS,CINTAS ,Industrials,2025-10-15,-0.0,-0.0,0.0
UPS,"UNITED PARCEL SERVICE, INC.",Industrials,2025-10-15,-0.0,-0.0,0.0
VRSK,"VERISK ANALYTICS, INC.",Industrials,2025-10-15,-0.0,-0.0,0.0
CARR,CARRIER GLOBAL ,Industrials,2025-10-15,-0.0,-0.0,0.0
RSG,"REPUBLIC SERVICES, INC.",Industrials,2025-10-15,0.0,0.0,0.0
EXPD,EXPEDITORS INTERNATIONAL OF WASHINGTON,Industrials,2025-10-15,0.0,0.0,0.0
SWK,"STANLEY BLACK & DECKER, INC.",Industrials,2025-10-15,0.0,0.0,0.0
FAST,FASTENAL COMPANY,Industrials,2025-10-15,0.0,0.0,0.0
ITW,ILLINOIS TOOL WORKS INC.,Industrials,2025-10-15,0.0,0.0,0.0
BR,"BROADRIDGE FINANCIAL SOLUTIONS, INC.",Industrials,2025-10-15,0.0,0.0,0.0
TDG,TRANSDIGM GROUP INC.,Industrials,2025-10-15,-0.0,-0.0,0.0
BA,THE BOEING COMPANY,Industrials,2025-10-15,-0.0,-5.0,5.0
PWR,"QUANTA SERVICES, INC.",Industrials,2025-10-15,-2.0,1.0,-3.0
CPRT,"COPART, INC.",Industrials,2025-10-15,-3.0,14.0,-17.0
EMR,EMERSON ELECTRIC CO.,Industrials,2025-10-15,-6.0,14.0,-20.0
PCAR,PACCAR INC,Industrials,2025-10-15,-6.0,-6.0,0.0
AME,"AMETEK, INC.",Industrials,2025-10-15,-12.0,-12.0,0.0
HUBB,HUBBELL INC.,Industrials,2025-10-15,-12.0,-17.0,5.0
LUV,SOUTHWEST AIRLINES CO.,Industrials,2025-10-15,-14.0,-22.0,8.0
LII,LENNOX INTERNATIONAL INC.,Industrials,2025-10-15,-14.0,22.0,-36.0
PAYX,"PAYCHEX, INC.",Industrials,2025-10-15,-15.0,-21.0,6.0
TXT,TEXTRON INC.,Industrials,2025-10-15,-17.0,-22.0,5.0
ODFL,"OLD DOMINION FREIGHT LINE, INC.",Industrials,2025-10-15,-17.0,-8.0,-9.0
DAL,"DELTA AIR LINES, INC.",Industrials,2025-10-15,-17.0,-17.0,0.0
UNP,UNION PACIFIC ,Industrials,2025-10-15,-21.0,-44.0,23.0
OTIS,OTIS WORLDWIDE ,Industrials,2025-10-15,-22.0,-17.0,-5.0
ETN,EATON  PUBLIC LIMITED COMPANY,Industrials,2025-10-15,-24.0,12.0,-36.0
URI,"UNITED RENTALS, INC.",Industrials,2025-10-15,-25.0,19.0,-44.0
WAB,WESTINGHOUSE AIR BRAKE TECHNOLOGIES ,Industrials,2025-10-15,-26.0,-26.0,0.0
ROK,"ROCKWELL AUTOMATION, INC.",Industrials,2025-10-15,-30.0,-24.0,-6.0
LMT,LOCKHEED MARTIN ,Industrials,2025-10-15,-30.0,-37.0,7.0
FDX,FEDEX ,Industrials,2025-10-15,-31.0,-26.0,-5.0
GWW,"W.W. GRAINGER, INC.",Industrials,2025-10-15,-32.0,-33.0,1.0
CSX,CSX ,Industrials,2025-10-15,-38.0,-63.0,25.0
NDSN,NORDSON ,Industrials,2025-10-15,-39.0,-55.0,16.0
DAY,CERIDIAN HCM HOLDING INC.,Industrials,2025-10-15,-41.0,-41.0,0.0
DOV,DOVER ,Industrials,2025-10-15,-41.0,-41.0,0.0
CAT,CATERPILLAR INC.,Industrials,2025-10-15,-42.0,-42.0,0.0
BLDR,"BUILDERS FIRSTSOURCE, INC.",Industrials,2025-10-15,-44.0,-44.0,0.0
FTV,FORTIVE ,Industrials,2025-10-15,-45.0,-49.0,4.0
TT,TRANE TECHNOLOGIES PLC,Industrials,2025-10-15,-51.0,-51.0,0.0
JBHT,"J. B. HUNT TRANSPORT SERVICES, INC.",Industrials,2025-10-15,-51.0,-58.0,7.0
J,JACOBS SOLUTIONS INC.,Industrials,2025-10-15,-55.0,1.0,-56.0
IEX,IDEX ,Industrials,2025-10-15,-58.0,-49.0,-9.0
KEYS,"KEYSIGHT TECHNOLOGIES, INC.",Information Technology,2025-10-15,81.0,64.0,17.0
PLTR,PALANTIR TECHNOLOGIES INC.,Information Technology,2025-10-15,73.0,73.0,0.0
CDNS,"CADENCE DESIGN SYSTEMS, INC.",Information Technology,2025-10-15,69.0,69.0,0.0
FFIV,"F5, INC.",Information Technology,2025-10-15,64.0,33.0,31.0
ORCL,ORACLE ,Information Technology,2025-10-15,63.0,48.0,15.0
AVGO,BROADCOM INC.,Information Technology,2025-10-15,59.0,84.0,-25.0
NVDA,NVIDIA ,Information Technology,2025-10-15,53.0,53.0,0.0
QCOM,QUALCOMM INC.,Information Technology,2025-10-15,50.0,50.0,0.0
ANET,"ARISTA NETWORKS, INC.",Information Technology,2025-10-15,50.0,58.0,-8.0
NXPI,NXP SEMICONDUCTORS NV,Information Technology,2025-10-15,50.0,50.0,0.0
TDY,TELEDYNE TECHNOLOGIES INC.,Information Technology,2025-10-15,48.0,48.0,0.0
APH,AMPHENOL ,Information Technology,2025-10-15,48.0,48.0,0.0
AAPL,APPLE INC.,Information Technology,2025-10-15,43.0,43.0,0.0
GLW,CORNING INC.,Information Technology,2025-10-15,42.0,55.0,-13.0
MSI,"MOTOROLA SOLUTIONS, INC.",Information Technology,2025-10-15,38.0,17.0,21.0
ADSK,"AUTODESK, INC.",Information Technology,2025-10-15,28.0,54.0,-26.0
JBL,JABIL INC.,Information Technology,2025-10-15,25.0,51.0,-26.0
CRWD,"CROWDSTRIKE HOLDINGS, INC.",Information Technology,2025-10-15,25.0,25.0,0.0
WDC,WESTERN DIGITAL ,Information Technology,2025-10-15,24.0,24.0,0.0
STX,SEAGATE TECHNOLOGY HOLDINGS,Information Technology,2025-10-15,24.0,26.0,-2.0
ZBRA,ZEBRA TECHNOLOGIES ,Information Technology,2025-10-15,23.0,23.0,0.0
NOW,"SERVICENOW, INC.",Information Technology,2025-10-15,21.0,29.0,-8.0
MPWR,"MONOLITHIC POWER SYSTEMS, INC.",Information Technology,2025-10-15,15.0,30.0,-15.0
TRMB,TRIMBLE INC.,Information Technology,2025-10-15,14.0,64.0,-50.0
HPE,HEWLETT PACKARD ENTERPRISE COMPANY,Information Technology,2025-10-15,14.0,14.0,0.0
TEL,TE CONNECTIVITY LTD,Information Technology,2025-10-15,12.0,28.0,-16.0
NTAP,"NETAPP, INC.",Information Technology,2025-10-15,11.0,36.0,-25.0
PTC,PTC INC.,Information Technology,2025-10-15,6.0,52.0,-46.0
MSFT,MICROSOFT ,Information Technology,2025-10-15,6.0,14.0,-8.0
IBM,INTERNATIONAL BUSINESS MACHINES ,Information Technology,2025-10-15,5.0,28.0,-23.0
FICO,FAIR ISAAC ,Information Technology,2025-10-15,5.0,-4.0,9.0
ADI,"ANALOG DEVICES, INC.",Information Technology,2025-10-15,0.0,0.0,0.0
VRSN,"VERISIGN, INC.",Information Technology,2025-10-15,0.0,0.0,0.0
FTNT,"FORTINET, INC.",Information Technology,2025-10-15,-0.0,-0.0,0.0
IT,"GARTNER, INC.",Information Technology,2025-10-15,-0.0,-0.0,0.0
GDDY,GODADDY INC.,Information Technology,2025-10-15,-0.0,-0.0,0.0
GEN,GEN DIGITAL INC.,Information Technology,2025-10-15,-0.0,0.0,-0.0
TYL,"TYLER TECHNOLOGIES, INC.",Information Technology,2025-10-15,0.0,0.0,0.0
TXN,TEXAS INSTRUMENTS INC.,Information Technology,2025-10-15,0.0,0.0,0.0
LRCX,LAM RESEARCH ,Information Technology,2025-10-15,-5.0,14.0,-19.0
CDW,CDW ,Information Technology,2025-10-15,-6.0,-8.0,2.0
PANW,"PALO ALTO NETWORKS, INC.",Information Technology,2025-10-15,-12.0,-12.0,0.0
EPAM,"EPAM SYSTEMS, INC.",Information Technology,2025-10-15,-13.0,-13.0,0.0
CRM,"SALESFORCE, INC.",Information Technology,2025-10-15,-17.0,-17.0,0.0
CTSH,COGNIZANT TECHNOLOGY SOLUTIONS ,Information Technology,2025-10-15,-17.0,-17.0,0.0
SWKS,"SKYWORKS SOLUTIONS, INC.",Information Technology,2025-10-15,-17.0,14.0,-31.0
SNPS,"SYNOPSYS, INC.",Information Technology,2025-10-15,-19.0,-20.0,1.0
CSCO,"CISCO SYSTEMS, INC.",Information Technology,2025-10-15,-22.0,-17.0,-5.0
KLAC,KLA ,Information Technology,2025-10-15,-22.0,34.0,-56.0
INTU,INTUIT INC.,Information Technology,2025-10-15,-24.0,-24.0,0.0
DELL,DELL TECHNOLOGIES INC.,Information Technology,2025-10-15,-24.0,-19.0,-5.0
TER,"TERADYNE, INC.",Information Technology,2025-10-15,-25.0,13.0,-38.0
ACN,ACCENTURE PUBLIC LIMITED COMPANY,Information Technology,2025-10-15,-26.0,-26.0,0.0
MU,"MICRON TECHNOLOGY, INC.",Information Technology,2025-10-15,-27.0,-1.0,-26.0
FSLR,"FIRST SOLAR, INC.",Information Technology,2025-10-15,-33.0,-7.0,-26.0
AKAM,"AKAMAI TECHNOLOGIES, INC.",Information Technology,2025-10-15,-35.0,-35.0,0.0
DDOG,"DATADOG, INC.",Information Technology,2025-10-15,-36.0,-36.0,0.0
ROP,"ROPER TECHNOLOGIES, INC.",Information Technology,2025-10-15,-36.0,-79.0,43.0
MCHP,MICROCHIP TECHNOLOGY INC.,Information Technology,2025-10-15,-41.0,-51.0,10.0
ADBE,ADOBE INC.,Information Technology,2025-10-15,-41.0,-8.0,-33.0
SMCI,"SUPER MICRO COMPUTER, INC.",Information Technology,2025-10-15,-42.0,-21.0,-21.0
WDAY,"WORKDAY, INC.",Information Technology,2025-10-15,-42.0,-55.0,13.0
ON,ON SEMICONDUCTOR ,Information Technology,2025-10-15,-51.0,-51.0,0.0
INTC,INTEL ,Information Technology,2025-10-15,-54.0,-28.0,-26.0
HPQ,HP INC.,Information Technology,2025-10-15,-73.0,-73.0,0.0
AMAT,"APPLIED MATERIALS, INC.",Information Technology,2025-10-15,-80.0,-36.0,-44.0
AMD,"ADVANCED MICRO DEVICES, INC.",Information Technology,2025-10-15,-99.0,-80.0,-19.0
GNK,GENCO SHIPPING & TRADING LIMITED,MR Discretion,2025-10-15,79.0,51.0,28.0
SBLK,STAR BULK CARRIERS CORP.,MR Discretion,2025-10-15,64.0,64.0,0.0
TS,TENARIS SA,MR Discretion,2025-10-15,50.0,60.0,-10.0
FTI,TECHNIPFMC PLC,MR Discretion,2025-10-15,28.0,28.0,0.0
XOP,SPDR S&P OIL&GAS EXP,MR Discretion,2025-10-15,23.0,-2.0,25.0
ROKU,"ROKU, INC.",MR Discretion,2025-10-15,19.0,66.0,-47.0
STNG,SCORPIO TANKERS INC.,MR Discretion,2025-10-15,15.0,3.0,12.0
ICL,ICL GROUP LTD,MR Discretion,2025-10-15,11.0,-14.0,25.0
CIVI,"CIVITAS RESOURCES, INC.",MR Discretion,2025-10-15,10.0,-0.0,10.0
SD,"SANDRIDGE ENERGY, INC.",MR Discretion,2025-10-15,9.0,9.0,0.0
MP,MP MATERIALS CORP,MR Discretion,2025-10-15,4.0,-30.0,34.0
DHT,"DHT HOLDINGS, INC.",MR Discretion,2025-10-15,-0.0,0.0,-0.0
BTI,BRITISH AMERICAN TOBACCO P.L.C.,MR Discretion,2025-10-15,-0.0,0.0,-0.0
PBR,BRAZILIAN PETROLEUM  - PETROBRAS,MR Discretion,2025-10-15,-1.0,-1.0,0.0
CMRE,COSTAMARE INC.,MR Discretion,2025-10-15,-2.0,26.0,-28.0
CCJ,CAMECO ,MR Discretion,2025-10-15,-3.0,14.0,-17.0
FRO,FRONTLINE PLC,MR Discretion,2025-10-15,-8.0,23.0,-31.0
EC,ECOPETROL SA,MR Discretion,2025-10-15,-8.0,23.0,-31.0
TDW,TIDEWATER INC.,MR Discretion,2025-10-15,-8.0,-6.0,-2.0
ASC,ARDMORE SHIPPING ,MR Discretion,2025-10-15,-14.0,-8.0,-6.0
HLX,"HELIX ENERGY SOLUTIONS GROUP, INC.",MR Discretion,2025-10-15,-17.0,-17.0,0.0
GLATF,GLOBAL ATOMIC ,MR Discretion,2025-10-15,-21.0,-66.0,45.0
XES,SPDR S&P OIL&GAS E&S,MR Discretion,2025-10-15,-22.0,-22.0,0.0
NOV,NOV INC.,MR Discretion,2025-10-15,-22.0,-1.0,-21.0
VAL,VALARIS LIMITED,MR Discretion,2025-10-15,-22.0,23.0,-45.0
CMBT,CMB.TECH NV,MR Discretion,2025-10-15,-30.0,-49.0,19.0
CRESY,CRESUD INC.,MR Discretion,2025-10-15,-42.0,-47.0,5.0
TECK,TECK RESOURCES LIMITED,MR Discretion,2025-10-15,-43.0,-66.0,23.0
GGB,GERDAU SA,MR Discretion,2025-10-15,-46.0,-46.0,0.0
GEOS,GEOSPACE TECHNOLOGIES ,MR Discretion,2025-10-15,-46.0,-46.0,0.0
RIG,TRANSOCEAN LTD,MR Discretion,2025-10-15,-47.0,-42.0,-5.0
BTU,PEABODY ENERGY ,MR Discretion,2025-10-15,-47.0,-47.0,0.0
PAM,PAMPA ENERGIA SA,MR Discretion,2025-10-15,-55.0,-24.0,-31.0
STLA,STELLANTIS NV,MR Discretion,2025-10-15,-60.0,-31.0,-29.0
CNR,"CORE NATURAL RESOURCES, INC.",MR Discretion,2025-10-15,-63.0,-82.0,19.0
URNM,SPROTT URANIUM MINERS,MR Discretion,2025-10-15,-75.0,-75.0,0.0
LIN,LINDE PUBLIC LIMITED COMPANY,Materials,2025-10-15,36.0,22.0,14.0
SHW,THE SHERWIN-WILLIAMS COMPANY,Materials,2025-10-15,33.0,1.0,32.0
MLM,"MARTIN MARIETTA MATERIALS, INC.",Materials,2025-10-15,27.0,-7.0,34.0
BALL,BALL ,Materials,2025-10-15,15.0,15.0,0.0
CF,"CF INDUSTRIES HOLDINGS, INC.",Materials,2025-10-15,14.0,14.0,0.0
PKG,PACKAGING  OF AMERICA,Materials,2025-10-15,13.0,12.0,1.0
MOS,THE MOSAIC COMPANY,Materials,2025-10-15,-0.0,-0.0,0.0
CTVA,"CORTEVA, INC.",Materials,2025-10-15,0.0,0.0,0.0
IFF,INTERNATIONAL FLAVORS & FRAGRANCES INC.,Materials,2025-10-15,-0.0,-0.0,0.0
LYB,LYONDELLBASELL INDUSTRIES NV,Materials,2025-10-15,-0.0,-0.0,0.0
EMN,EASTMAN CHEMICAL COMPANY,Materials,2025-10-15,-0.0,-0.0,0.0
APD,"AIR PRODUCTS AND CHEMICALS, INC.",Materials,2025-10-15,-1.0,23.0,-24.0
NEM,NEWMONT ,Materials,2025-10-15,-2.0,17.0,-19.0
AMCR,AMCOR PLC,Materials,2025-10-15,-2.0,-2.0,0.0
ECL,ECOLAB INC.,Materials,2025-10-15,-3.0,5.0,-8.0
PPG,"PPG INDUSTRIES, INC.",Materials,2025-10-15,-10.0,-41.0,31.0
FCX,FREEPORT-MCMORAN INC.,Materials,2025-10-15,-11.0,-11.0,0.0
AVY,AVERY DENNISON ,Materials,2025-10-15,-15.0,-15.0,0.0
SW,SMURFIT WESTROCK PUBLIC LIMITED COMPANY,Materials,2025-10-15,-17.0,-12.0,-5.0
IP,INTERNATIONAL PAPER COMPANY,Materials,2025-10-15,-17.0,-17.0,0.0
VMC,VULCAN MATERIALS COMPANY,Materials,2025-10-15,-24.0,-52.0,28.0
DOW,DOW INC.,Materials,2025-10-15,-36.0,-31.0,-5.0
NUE,NUCOR ,Materials,2025-10-15,-36.0,-36.0,0.0
DD,"DUPONT DE NEMOURS, INC.",Materials,2025-10-15,-51.0,-22.0,-29.0
ALB,ALBEMARLE ,Materials,2025-10-15,-56.0,-56.0,0.0
STLD,"STEEL DYNAMICS, INC.",Materials,2025-10-15,-68.0,-48.0,-20.0
SPG,"SIMON PROPERTY GROUP, INC.",Real Estate,2025-10-15,64.0,79.0,-15.0
O,REALTY INCOME ,Real Estate,2025-10-15,56.0,25.0,31.0
DOC,"HEALTHDOC PROPERTIES, INC.",Real Estate,2025-10-15,47.0,59.0,-12.0
CBRE,"CBRE GROUP, INC.",Real Estate,2025-10-15,39.0,51.0,-12.0
HST,"HOST HOTELS & RESORTS, INC.",Real Estate,2025-10-15,23.0,3.0,20.0
BXP,"BOSTON PROPERTIES, INC.",Real Estate,2025-10-15,15.0,42.0,-27.0
WELL,WELLTOWER INC.,Real Estate,2025-10-15,0.0,0.0,0.0
AVB,"AVALONBAY COMMUNITIES, INC.",Real Estate,2025-10-15,-0.0,-0.0,0.0
FRT,FEDERAL REALTY INVESTMENT TRUST,Real Estate,2025-10-15,-0.0,-0.0,0.0
KIM,KIMCO REALTY .,Real Estate,2025-10-15,-0.0,0.0,-0.0
CSGP,"COSTAR GROUP, INC.",Real Estate,2025-10-15,0.0,0.0,0.0
VICI,VICI PROPERTIES INC.,Real Estate,2025-10-15,0.0,0.0,0.0
CPT,CAMDEN PROPERTY TRUST,Real Estate,2025-10-15,0.0,0.0,0.0
ARE,"ALEXANDRIA REAL ESTATE EQUITIES, INC.",Real Estate,2025-10-15,0.0,0.0,0.0
ESS,"ESSEX PROPERTY TRUST, INC.",Real Estate,2025-10-15,-0.0,-0.0,0.0
MAA,"MID-AMERICA APARTMENT COMMUNITIES, INC.",Real Estate,2025-10-15,0.0,-0.0,0.0
VTR,"VENTAS, INC.",Real Estate,2025-10-15,-2.0,57.0,-59.0
WY,WEYERHAEUSER COMPANY,Real Estate,2025-10-15,-4.0,-48.0,44.0
CCI,CROWN CASTLE INC.,Real Estate,2025-10-15,-7.0,-11.0,4.0
IRM,IRON MOUNTAIN INC.,Real Estate,2025-10-15,-7.0,3.0,-10.0
EQR,EQUITY RESIDENTIAL,Real Estate,2025-10-15,-8.0,26.0,-34.0
SBAC,SBA COMMUNICATIONS ,Real Estate,2025-10-15,-13.0,13.0,-26.0
AMT,AMERICAN TOWER ,Real Estate,2025-10-15,-13.0,13.0,-26.0
UDR,"UDR, INC.",Real Estate,2025-10-15,-15.0,38.0,-53.0
REG,REGENCY CENTERS ,Real Estate,2025-10-15,-30.0,-26.0,-4.0
DLR,"DIGITAL REALTY TRUST, INC.",Real Estate,2025-10-15,-30.0,12.0,-42.0
EXR,EXTRA SPACE STORAGE INC.,Real Estate,2025-10-15,-37.0,-33.0,-4.0
INVH,INVITATION HOMES INC.,Real Estate,2025-10-15,-41.0,-15.0,-26.0
PSA,PUBLIC STORAGE.,Real Estate,2025-10-15,-50.0,-64.0,14.0
EQIX,"EQUINIX, INC.",Real Estate,2025-10-15,-72.0,-60.0,-12.0
PLD,"PROLOGIS, INC.",Real Estate,2025-10-15,-77.0,-30.0,-47.0
XLF,SEL SECTOR:FINL S SPDR,Sector & Style ETFs,2025-10-15,80.0,60.0,20.0
XLY,SEL SECTOR:C DSC SPDR,Sector & Style ETFs,2025-10-15,80.0,80.0,0.0
SPY,SPDR S&P 500 ETF,Sector & Style ETFs,2025-10-15,68.0,50.0,18.0
QUAL,ISHARES:MSCI USA QF,Sector & Style ETFs,2025-10-15,68.0,50.0,18.0
OEF,ISHARES:S&P 100,Sector & Style ETFs,2025-10-15,68.0,60.0,8.0
RSP,INVESCO S&P500 EWGHT,Sector & Style ETFs,2025-10-15,68.0,50.0,18.0
IWF,ISHARES:RUSS 1000 GR ETF,Sector & Style ETFs,2025-10-15,68.0,60.0,8.0
SPLV,INVESCO S&P500 LOWVL,Sector & Style ETFs,2025-10-15,59.0,24.0,35.0
XLI,SEL SECTOR:INDUST SPDR,Sector & Style ETFs,2025-10-15,50.0,50.0,0.0
DIA,SPDR DOW JONES INDUS AVG,Sector & Style ETFs,2025-10-15,41.0,25.0,16.0
QQQ,INVESCO QQQ TRUST 1,Sector & Style ETFs,2025-10-15,36.0,50.0,-14.0
POWA,INVESCO DEF EQTY ETF,Sector & Style ETFs,2025-10-15,36.0,68.0,-32.0
MDY,SPDR S&P MIDCAP 400 ETF,Sector & Style ETFs,2025-10-15,36.0,19.0,17.0
XLE,SEL SECTOR:ENERGY SPDR,Sector & Style ETFs,2025-10-15,23.0,23.0,0.0
MTUM,ISHARES:MSCI USA MOM FCT,Sector & Style ETFs,2025-10-15,14.0,60.0,-46.0
SDY,SPDR S&P DIVIDEND,Sector & Style ETFs,2025-10-15,14.0,50.0,-36.0
XLK,SEL SECTOR:TECH SPDR,Sector & Style ETFs,2025-10-15,5.0,50.0,-45.0
XLP,SEL SECTOR:C STP SPDR,Sector & Style ETFs,2025-10-15,-0.0,-0.0,0.0
XLB,SEL SECTOR:MATRLS SPDR,Sector & Style ETFs,2025-10-15,-8.0,-17.0,9.0
XLC,SEL SECTOR:COMM SVC SPDR,Sector & Style ETFs,2025-10-15,-10.0,26.0,-36.0
XLRE,SEL SECTOR:RL EST SPDR,Sector & Style ETFs,2025-10-15,-17.0,-10.0,-7.0
SPHB,INVESCO S&P500 HI BE,Sector & Style ETFs,2025-10-15,-22.0,14.0,-36.0
IWD,ISHARES:RUSS 1000 VL ETF,Sector & Style ETFs,2025-10-15,-22.0,50.0,-72.0
XLV,SEL SECTOR:H CARE SPDR,Sector & Style ETFs,2025-10-15,-24.0,-49.0,25.0
IWM,ISHARES:RUSS 2000 ETF,Sector & Style ETFs,2025-10-15,-31.0,5.0,-36.0
XLU,SEL SECTOR:UTIL SPDR,Sector & Style ETFs,2025-10-15,-39.0,-39.0,0.0
VST,VISTRA CORP.,Utilities,2025-10-15,72.0,81.0,-9.0
NRG,"NRG ENERGY, INC.",Utilities,2025-10-15,68.0,55.0,13.0
CNP,"CENTERPOINT ENERGY, INC.",Utilities,2025-10-15,35.0,35.0,0.0
D,"DOMINION ENERGY, INC.",Utilities,2025-10-15,24.0,24.0,0.0
AEE,AMEREN ,Utilities,2025-10-15,18.0,29.0,-11.0
PEG,PUBLIC SERVICE ENTERPRISE GROUP INC.,Utilities,2025-10-15,17.0,58.0,-41.0
PPL,PPL ,Utilities,2025-10-15,-6.0,-2.0,-4.0
ETR,ENTERGY ,Utilities,2025-10-15,-8.0,-2.0,-6.0
NI,NISOURCE INC.,Utilities,2025-10-15,-8.0,4.0,-12.0
LNT,ALLIANT ENERGY ,Utilities,2025-10-15,-13.0,-6.0,-7.0
EVRG,"EVERGY, INC.",Utilities,2025-10-15,-13.0,-2.0,-11.0
WEC,"WEC ENERGY GROUP, INC.",Utilities,2025-10-15,-13.0,-2.0,-11.0
DTE,DTE ENERGY COMPANY,Utilities,2025-10-15,-13.0,-2.0,-11.0
XEL,XCEL ENERGY INC.,Utilities,2025-10-15,-15.0,-32.0,17.0
ED,"CONSOLIDATED EDISON, INC.",Utilities,2025-10-15,-30.0,-33.0,3.0
AWK,"AMERICAN WATER WORKS COMPANY, INC.",Utilities,2025-10-15,-30.0,-4.0,-26.0
EXC,EXELON ,Utilities,2025-10-15,-33.0,-28.0,-5.0
DUK,DUKE ENERGY ,Utilities,2025-10-15,-33.0,-33.0,0.0
FE,FIRSTENERGY CORP.,Utilities,2025-10-15,-33.0,-33.0,0.0
SRE,SEMPRA,Utilities,2025-10-15,-33.0,-33.0,0.0
ES,EVERSOURCE ENERGY,Utilities,2025-10-15,-36.0,6.0,-42.0
CMS,CMS ENERGY ,Utilities,2025-10-15,-39.0,-6.0,-33.0
AEP,"AMERICAN ELECTRIC POWER COMPANY, INC.",Utilities,2025-10-15,-39.0,-28.0,-11.0
ATO,ATMOS ENERGY ,Utilities,2025-10-15,-39.0,-6.0,-33.0
AES,THE AES ,Utilities,2025-10-15,-42.0,-21.0,-21.0
SO,THE SOUTHERN COMPANY,Utilities,2025-10-15,-42.0,-47.0,5.0
PNW,PINNACLE WEST CAPITAL ,Utilities,2025-10-15,-47.0,-47.0,0.0
EIX,EDISON INTERNATIONAL,Utilities,2025-10-15,-48.0,-56.0,8.0
CEG,CONSTELLATION ENERGY .,Utilities,2025-10-15,-50.0,11.0,-61.0
PCG,PG&E ,Utilities,2025-10-15,-62.0,-55.0,-7.0
NEE,"NEXTERA ENERGY, INC.",Utilities,2025-10-15,-70.0,-49.0,-21.0
VXN,CBOE NASDAQ MKT VOL NDX,Volatility,2025-10-15,-23.0,-20.0,-3.0
VIX,CBOE MKT VOLATILITY IDX,Volatility,2025-10-15,-48.0,-45.0,-3.0
TYX,30 Y TSY YLD NDX,Yields,2025-10-15,-39.0,-23.0,-16.0
FVX,5 YR TSY YLD NDX,Yields,2025-10-15,-57.0,-57.0,0.0
TNX,10 Y TSY YLD NDX,Yields,2025-10-15,-68.0,-51.0,-17.0
