Date,Ticker,Ticker_name,Exposure,Category,model_score_wtd_change,current_model_score,previous_model_score
2025-10-17,A,"AGILENT TECHNOLOGIES, INC.",Health Care,Health Care,-26.0,-70.0,-44.0
2025-10-17,AAPL,APPLE INC.,Information Technology,Information Technology,-63.0,-30.0,33.0
2025-10-17,ABBV,ABBVIE INC.,Health Care,Health Care,8.0,3.0,-5.0
2025-10-17,ABNB,"AIRBNB, INC.",Consumer Discretionary,Consumer Discretionary,8.0,-33.0,-41.0
2025-10-17,ABT,ABBOTT LABORATORIES,Health Care,Health Care,43.0,43.0,0.0
2025-10-17,ACGL,ARCH CAPITAL GROUP LTD.,Financials,Financials,84.0,26.0,-58.0
2025-10-17,ACN,ACCENTURE PUBLIC LIMITED COMPANY,Information Technology,Information Technology,0.0,-26.0,-26.0
2025-10-17,ADBE,ADOBE INC.,Information Technology,Information Technology,-24.0,-41.0,-17.0
2025-10-17,ADI,"ANALOG DEVICES, INC.",Information Technology,Information Technology,-79.0,-0.0,79.0
2025-10-17,ADM,ARCHER-DANIELS-MIDLAND COMPANY.,Consumer Staples,Consumer Staples,-40.0,-33.0,7.0
2025-10-17,ADP,"AUTOMATIC DATA PROCESSING, INC.",Industrials,Industrials,15.0,-8.0,-23.0
2025-10-17,ADSK,"AUTODESK, INC.",Information Technology,Information Technology,0.0,42.0,42.0
2025-10-17,AEE,AMEREN ,Utilities,Utilities,-53.0,18.0,71.0
2025-10-17,AEP,"AMERICAN ELECTRIC POWER COMPANY, INC.",Utilities,Utilities,-13.0,-13.0,0.0
2025-10-17,AES,THE AES ,Utilities,Utilities,-12.0,-38.0,-26.0
2025-10-17,AFL,AFLAC INC.,Financials,Financials,40.0,16.0,-24.0
2025-10-17,AIG,"AMERICAN INTERNATIONAL GROUP, INC.",Financials,Financials,56.0,30.0,-26.0
2025-10-17,AIZ,"ASSURANT, INC.",Financials,Financials,45.0,21.0,-24.0
2025-10-17,AJG,ARTHUR J. GALLAGHER & CO.,Financials,Financials,78.0,41.0,-37.0
2025-10-17,AKAM,"AKAMAI TECHNOLOGIES, INC.",Information Technology,Information Technology,-38.0,-73.0,-35.0
2025-10-17,ALB,ALBEMARLE ,Materials,Materials,2.0,-27.0,-29.0
2025-10-17,ALGN,"ALIGN TECHNOLOGY, INC.",Health Care,Health Care,0.0,-0.0,-0.0
2025-10-17,ALL,THE ALLSTATE ,Financials,Financials,33.0,76.0,43.0
2025-10-17,ALLE,ALLEGION PUBLIC LIMITED COMPANY,Industrials,Industrials,12.0,59.0,47.0
2025-10-17,AMAT,"APPLIED MATERIALS, INC.",Information Technology,Information Technology,-14.0,-52.0,-38.0
2025-10-17,AMCR,AMCOR PLC,Materials,Materials,-27.0,-14.0,13.0
2025-10-17,AMD,"ADVANCED MICRO DEVICES, INC.",Information Technology,Information Technology,-19.0,-99.0,-80.0
2025-10-17,AME,"AMETEK, INC.",Industrials,Industrials,-32.0,-17.0,15.0
2025-10-17,AMGN,AMGEN INC.,Health Care,Health Care,-22.0,-48.0,-26.0
2025-10-17,AMP,"AMERIPRISE FINANCIAL, INC.",Financials,Financials,32.0,17.0,-15.0
2025-10-17,AMT,AMERICAN TOWER ,Real Estate,Real Estate,-34.0,-21.0,13.0
2025-10-17,AMZN,"AMAZON.COM, INC.",Consumer Discretionary,Consumer Discretionary,-82.0,-1.0,81.0
2025-10-17,ANET,"ARISTA NETWORKS, INC.",Information Technology,Information Technology,-4.0,58.0,62.0
2025-10-17,AON,AON PLC,Financials,Financials,78.0,50.0,-28.0
2025-10-17,AOS,A. O. SMITH ,Industrials,Industrials,-37.0,17.0,54.0
2025-10-17,APA,APA ,Energy,Energy,-8.0,6.0,14.0
2025-10-17,APD,"AIR PRODUCTS AND CHEMICALS, INC.",Materials,Materials,-27.0,-28.0,-1.0
2025-10-17,APH,AMPHENOL ,Information Technology,Information Technology,-23.0,25.0,48.0
2025-10-17,APO,"APOLLO GLOBAL MANAGEMENT, INC.",Financials,Financials,2.0,36.0,34.0
2025-10-17,APP,APPLOVIN CORP,Communication Services,Communication Services,3.0,79.0,76.0
2025-10-17,APTV,APTIV PLC,Consumer Discretionary,Consumer Discretionary,-17.0,8.0,25.0
2025-10-17,ARE,"ALEXANDRIA REAL ESTATE EQUITIES, INC.",Real Estate,Real Estate,-14.0,0.0,14.0
2025-10-17,ASC,ARDMORE SHIPPING ,,MR Discretion,-34.0,-8.0,26.0
2025-10-17,ATO,ATMOS ENERGY ,Utilities,Utilities,31.0,18.0,-13.0
2025-10-17,AVB,"AVALONBAY COMMUNITIES, INC.",Real Estate,Real Estate,16.0,-0.0,-16.0
2025-10-17,AVGO,BROADCOM INC.,Information Technology,Information Technology,66.0,59.0,-7.0
2025-10-17,AVY,AVERY DENNISON ,Materials,Materials,13.0,-15.0,-28.0
2025-10-17,AWK,"AMERICAN WATER WORKS COMPANY, INC.",Utilities,Utilities,-6.0,-33.0,-27.0
2025-10-17,AXON,"AXON ENTERPRISE, INC.",Industrials,Industrials,-16.0,48.0,64.0
2025-10-17,AXP,AMERICAN EXPRESS COMPANY,Financials,Financials,-55.0,11.0,66.0
2025-10-17,AZO,"AUTOZONE, INC.",Consumer Discretionary,Consumer Discretionary,0.0,43.0,43.0
2025-10-17,BA,THE BOEING COMPANY,Industrials,Industrials,5.0,9.0,4.0
2025-10-17,BAC,BANK OF AMERICA ,Financials,Financials,0.0,36.0,36.0
2025-10-17,BALL,BALL ,Materials,Materials,16.0,6.0,-10.0
2025-10-17,BAX,BAXTER INTERNATIONAL INC.,Health Care,Health Care,-62.0,-39.0,23.0
2025-10-17,BBY,"BEST BUY CO., INC.",Consumer Discretionary,Consumer Discretionary,-103.0,-77.0,26.0
2025-10-17,BDX,"BECTON, DICKINSON AND COMPANY",Health Care,Health Care,-10.0,-51.0,-41.0
2025-10-17,BEN,"FRANKLIN RESOURCES, INC.",Financials,Financials,68.0,41.0,-27.0
2025-10-17,BF.B,BROWN-FORMAN ,Consumer Staples,Consumer Staples,-48.0,-92.0,-44.0
2025-10-17,BG,BUNGE LIMITED,Consumer Staples,Consumer Staples,-101.0,-80.0,21.0
2025-10-17,BIIB,BIOGEN INC.,Health Care,Health Care,-24.0,-25.0,-1.0
2025-10-17,BK,THE BANK OF NEW YORK MELLON ,Financials,Financials,-3.0,43.0,46.0
2025-10-17,BKNG,BOOKING HOLDINGS INC.,Consumer Discretionary,Consumer Discretionary,-31.0,0.0,31.0
2025-10-17,BKR,BAKER HUGHES COMPANY,Energy,Energy,0.0,41.0,41.0
2025-10-17,BLDR,"BUILDERS FIRSTSOURCE, INC.",Industrials,Industrials,-16.0,-44.0,-28.0
2025-10-17,BLK,"BLACKROCK, INC.",Financials,Financials,-2.0,55.0,57.0
2025-10-17,BMY,BRISTOL-MYERS SQUIBB COMPANY,Health Care,Health Care,5.0,8.0,3.0
2025-10-17,BR,"BROADRIDGE FINANCIAL SOLUTIONS, INC.",Industrials,Industrials,0.0,0.0,-0.0
2025-10-17,BRK.B,"BERKSHIRE HATHAWAY INC.,",Financials,Financials,4.0,21.0,17.0
2025-10-17,BRO,"BROWN & BROWN, INC.",Financials,Financials,46.0,-9.0,-55.0
2025-10-17,BSX,BOSTON SCIENTIFIC ,Health Care,Health Care,0.0,-0.0,-0.0
2025-10-17,BTC=F,BITCOIN FUTURES,,Futures,-2.0,59.0,61.0
2025-10-17,BTI,BRITISH AMERICAN TOBACCO P.L.C.,,MR Discretion,-5.0,0.0,5.0
2025-10-17,BTU,PEABODY ENERGY ,,MR Discretion,-21.0,-54.0,-33.0
2025-10-17,BX,BLACKSTONE INC,Financials,Financials,-40.0,0.0,40.0
2025-10-17,BXP,"BOSTON PROPERTIES, INC.",Real Estate,Real Estate,-37.0,-8.0,29.0
2025-10-17,C,CITIGROUP INC.,Financials,Financials,7.0,43.0,36.0
2025-10-17,CAG,"CONAGRA BRANDS, INC.",Consumer Staples,Consumer Staples,-14.0,-55.0,-41.0
2025-10-17,CAH,"CARDINAL HEALTH, INC.",Health Care,Health Care,0.0,0.0,0.0
2025-10-17,CARR,CARRIER GLOBAL ,Industrials,Industrials,3.0,-0.0,-3.0
2025-10-17,CAT,CATERPILLAR INC.,Industrials,Industrials,-39.0,-26.0,13.0
2025-10-17,CB,CHUBB LTD,Financials,Financials,60.0,30.0,-30.0
2025-10-17,CBOE,"CBOE GLOBAL MARKETS, INC.",Financials,Financials,87.0,53.0,-34.0
2025-10-17,CBRE,"CBRE GROUP, INC.",Real Estate,Real Estate,5.0,39.0,34.0
2025-10-17,CCI,CROWN CASTLE INC.,Real Estate,Real Estate,-14.0,-21.0,-7.0
2025-10-17,CCJ,CAMECO ,,MR Discretion,-7.0,57.0,64.0
2025-10-17,CCL,CARNIVAL CORP,Consumer Discretionary,Consumer Discretionary,37.0,79.0,42.0
2025-10-17,CDNS,"CADENCE DESIGN SYSTEMS, INC.",Information Technology,Information Technology,-75.0,-21.0,54.0
2025-10-17,CDW,CDW ,Information Technology,Information Technology,-43.0,-17.0,26.0
2025-10-17,CEG,CONSTELLATION ENERGY .,Utilities,Utilities,-36.0,-30.0,6.0
2025-10-17,CF,"CF INDUSTRIES HOLDINGS, INC.",Materials,Materials,48.0,67.0,19.0
2025-10-17,CFG,"CITIZENS FINANCIAL GROUP, INC.",Financials,Financials,-24.0,43.0,67.0
2025-10-17,CHD,"CHURCH & DWIGHT CO., INC.",Consumer Staples,Consumer Staples,-9.0,-24.0,-15.0
2025-10-17,CHRW,"C.H. ROBINSON WORLDWIDE, INC.",Industrials,Industrials,-36.0,12.0,48.0
2025-10-17,CHTR,"CHARTER COMMUNICATIONS, INC.",Communication Services,Communication Services,0.0,-12.0,-12.0
2025-10-17,CI,THE CIGNA GROUP,Health Care,Health Care,-29.0,-51.0,-22.0
2025-10-17,CINF,CINCINNATI FINANCIAL ,Financials,Financials,24.0,67.0,43.0
2025-10-17,CIVI,"CIVITAS RESOURCES, INC.",,MR Discretion,-13.0,1.0,14.0
2025-10-17,CL,COLGATE-PALMOLIVE COMPANY,Consumer Staples,Consumer Staples,0.0,-0.0,-0.0
2025-10-17,CLX,THE CLOROX COMPANY,Consumer Staples,Consumer Staples,0.0,14.0,14.0
2025-10-17,CMBT,CMB.TECH NV,,MR Discretion,13.0,-58.0,-71.0
2025-10-17,CMCSA,COMCAST ,Communication Services,Communication Services,30.0,-21.0,-51.0
2025-10-17,CME,CME GROUP INC.,Financials,Financials,89.0,50.0,-39.0
2025-10-17,CMG,"CHIPOTLE MEXICAN GRILL, INC.",Consumer Discretionary,Consumer Discretionary,-26.0,-47.0,-21.0
2025-10-17,CMI,CUMMINS INC.,Industrials,Industrials,13.0,68.0,55.0
2025-10-17,CMRE,COSTAMARE INC.,,MR Discretion,-27.0,14.0,41.0
2025-10-17,CMS,CMS ENERGY ,Utilities,Utilities,-9.0,-13.0,-4.0
2025-10-17,CNC,CENTENE ,Health Care,Health Care,-4.0,-43.0,-39.0
2025-10-17,CNP,"CENTERPOINT ENERGY, INC.",Utilities,Utilities,-20.0,4.0,24.0
2025-10-17,CNR,"CORE NATURAL RESOURCES, INC.",,MR Discretion,19.0,-36.0,-55.0
2025-10-17,COF,CAPITAL ONE FINANCIAL ,Financials,Financials,-46.0,0.0,46.0
2025-10-17,COIN,"COINBASE GLOBAL, INC.",Financials,Financials,22.0,36.0,14.0
2025-10-17,COO,"THE COOPER COMPANIES, INC.",Health Care,Health Care,-19.0,-82.0,-63.0
2025-10-17,COP,CONOCOPHILLIPS,Energy,Energy,-6.0,17.0,23.0
2025-10-17,COR,"CENCORA, INC.",Health Care,Health Care,-46.0,7.0,53.0
2025-10-17,COST,COSTCO WHOLESALE ,Consumer Staples,Consumer Staples,-42.0,-42.0,-0.0
2025-10-17,CPAY,"FLEETCOR TECHNOLOGIES, INC.",Financials,Financials,36.0,-3.0,-39.0
2025-10-17,CPB,CAMPBELL SOUP COMPANY,Consumer Staples,Consumer Staples,0.0,-20.0,-20.0
2025-10-17,CPER,UNITED STATES COPPER IDX,,Commodities,0.0,0.0,0.0
2025-10-17,CPRT,"COPART, INC.",Industrials,Industrials,36.0,-3.0,-39.0
2025-10-17,CPT,CAMDEN PROPERTY TRUST,Real Estate,Real Estate,-25.0,-0.0,25.0
2025-10-17,CRESY,CRESUD INC.,,MR Discretion,-12.0,-50.0,-38.0
2025-10-17,CRL,CHARLES RIVER LABORATORIES,Health Care,Health Care,2.0,-74.0,-76.0
2025-10-17,CRM,"SALESFORCE, INC.",Information Technology,Information Technology,7.0,-17.0,-24.0
2025-10-17,CRWD,"CROWDSTRIKE HOLDINGS, INC.",Information Technology,Information Technology,-1.0,15.0,16.0
2025-10-17,CSCO,"CISCO SYSTEMS, INC.",Information Technology,Information Technology,-36.0,-22.0,14.0
2025-10-17,CSGP,"COSTAR GROUP, INC.",Real Estate,Real Estate,-46.0,0.0,46.0
2025-10-17,CSX,CSX ,Industrials,Industrials,-8.0,-63.0,-55.0
2025-10-17,CTAS,CINTAS ,Industrials,Industrials,1.0,0.0,-1.0
2025-10-17,CTRA,COTERRA ENERGY INC.,Energy,Energy,10.0,14.0,4.0
2025-10-17,CTSH,COGNIZANT TECHNOLOGY SOLUTIONS ,Information Technology,Information Technology,0.0,-17.0,-17.0
2025-10-17,CTVA,"CORTEVA, INC.",Materials,Materials,0.0,0.0,0.0
2025-10-17,CVS,CVS HEALTH ,Health Care,Health Care,-41.0,-51.0,-10.0
2025-10-17,CVX,CHEVRON ,Energy,Energy,-23.0,13.0,36.0
2025-10-17,D,"DOMINION ENERGY, INC.",Utilities,Utilities,-15.0,48.0,63.0
2025-10-17,DAL,"DELTA AIR LINES, INC.",Industrials,Industrials,-40.0,-17.0,23.0
2025-10-17,DASH,"DOORDASH, INC.",Consumer Discretionary,Consumer Discretionary,12.0,79.0,67.0
2025-10-17,DAY,CERIDIAN HCM HOLDING INC.,Industrials,Industrials,-12.0,-53.0,-41.0
2025-10-17,DBB,INVESCO DB MS BMTL,,Commodities,18.0,-38.0,-56.0
2025-10-17,DD,"DUPONT DE NEMOURS, INC.",Materials,Materials,-46.0,-51.0,-5.0
2025-10-17,DDOG,"DATADOG, INC.",Information Technology,Information Technology,45.0,14.0,-31.0
2025-10-17,DE,DEERE & COMPANY,Industrials,Industrials,7.0,-3.0,-10.0
2025-10-17,DECK,DECKERS OUTDOOR ,Consumer Discretionary,Consumer Discretionary,45.0,55.0,10.0
2025-10-17,DELL,DELL TECHNOLOGIES INC.,Information Technology,Information Technology,4.0,-51.0,-55.0
2025-10-17,DG,DOLLAR GENERAL ,Consumer Staples,Consumer Staples,-38.0,-14.0,24.0
2025-10-17,DGX,QUEST DIAGNOSTICS INC.,Health Care,Health Care,-18.0,53.0,71.0
2025-10-17,DHI,"D.R. HORTON, INC.",Consumer Discretionary,Consumer Discretionary,16.0,64.0,48.0
2025-10-17,DHR,DANAHER ,Health Care,Health Care,-2.0,-44.0,-42.0
2025-10-17,DHT,"DHT HOLDINGS, INC.",,MR Discretion,-32.0,-0.0,32.0
2025-10-17,DIA,SPDR DOW JONES INDUS AVG,,Sector & Style ETFs,25.0,85.0,60.0
2025-10-17,DIS,THE WALT DISNEY COMPANY,Communication Services,Communication Services,31.0,23.0,-8.0
2025-10-17,DJI,DOW JONES INDUSTRIAL AVERAGE INDEX,,Indices,-14.0,30.0,44.0
2025-10-17,DLR,"DIGITAL REALTY TRUST, INC.",Real Estate,Real Estate,-45.0,-24.0,21.0
2025-10-17,DLTR,"DOLLAR TREE, INC.",Consumer Staples,Consumer Staples,-62.0,-52.0,10.0
2025-10-17,DOC,"HEALTHDOC PROPERTIES, INC.",Real Estate,Real Estate,-10.0,24.0,34.0
2025-10-17,DOV,DOVER ,Industrials,Industrials,9.0,-32.0,-41.0
2025-10-17,DOW,DOW INC.,Materials,Materials,-40.0,-31.0,9.0
2025-10-17,DPZ,"DOMINO'S PIZZA, INC.",Consumer Discretionary,Consumer Discretionary,22.0,14.0,-8.0
2025-10-17,DRI,"DARDEN RESTAURANTS, INC.",Consumer Discretionary,Consumer Discretionary,0.0,-0.0,-0.0
2025-10-17,DTE,DTE ENERGY COMPANY,Utilities,Utilities,-53.0,-6.0,47.0
2025-10-17,DUK,DUKE ENERGY ,Utilities,Utilities,-33.0,-33.0,0.0
2025-10-17,DVA,DAVITA INC.,Health Care,Health Care,8.0,0.0,-8.0
2025-10-17,DVN,DEVON ENERGY ,Energy,Energy,40.0,38.0,-2.0
2025-10-17,DXCM,"DEXCOM, INC.",Health Care,Health Care,-9.0,-13.0,-4.0
2025-10-17,EA,ELECTRONIC ARTS INC.,Communication Services,Communication Services,0.0,-10.0,-10.0
2025-10-17,EBAY,EBAY INC.,Consumer Discretionary,Consumer Discretionary,0.0,0.0,0.0
2025-10-17,EC,ECOPETROL SA,,MR Discretion,-25.0,-17.0,8.0
2025-10-17,ECH,ISHARES:MSCI CHILE,,Foreign,-6.0,50.0,56.0
2025-10-17,ECL,ECOLAB INC.,Materials,Materials,-40.0,-26.0,14.0
2025-10-17,ED,"CONSOLIDATED EDISON, INC.",Utilities,Utilities,0.0,-26.0,-26.0
2025-10-17,EDEN,ISHARES:MSCI DENMARK,,Foreign,-67.0,-32.0,35.0
2025-10-17,EDV,VANGUARD EXT DUR T;ETF,Bonds,Bonds,-8.0,-30.0,-22.0
2025-10-17,EFNL,ISHARES:MSCI FINLAND,,Foreign,-29.0,-32.0,-3.0
2025-10-17,EFX,EQUIFAX INC.,Industrials,Industrials,19.0,88.0,69.0
2025-10-17,EG,"EVEREST GROUP, LTD.",Financials,Financials,-14.0,-36.0,-22.0
2025-10-17,EIDO,ISHARES:MSCI INDONESIA,,Foreign,-9.0,-24.0,-15.0
2025-10-17,EIRL,ISHARES:MSCI IRELAND,,Foreign,-40.0,4.0,44.0
2025-10-17,EIS,ISHARES:MSCI ISRAEL,,Foreign,0.0,11.0,11.0
2025-10-17,EIX,EDISON INTERNATIONAL,Utilities,Utilities,-46.0,-31.0,15.0
2025-10-17,EL,THE ESTEE LAUDER COMPANIES INC.,Consumer Staples,Consumer Staples,-65.0,-57.0,8.0
2025-10-17,ELV,"ELEVANCE HEALTH, INC.",Health Care,Health Care,20.0,-62.0,-82.0
2025-10-17,EME,"EMCOR GROUP, INC.",Industrials,Industrials,-35.0,41.0,76.0
2025-10-17,EMN,EASTMAN CHEMICAL COMPANY,Materials,Materials,0.0,-0.0,-0.0
2025-10-17,EMR,EMERSON ELECTRIC CO.,Industrials,Industrials,-47.0,-6.0,41.0
2025-10-17,ENZL,ISHARES:MSCI NEW ZLND,,Foreign,7.0,30.0,23.0
2025-10-17,EOG,"EOG RESOURCES, INC.",Energy,Energy,0.0,-8.0,-8.0
2025-10-17,EPAM,"EPAM SYSTEMS, INC.",Information Technology,Information Technology,-9.0,-13.0,-4.0
2025-10-17,EPHE,ISHARES:MSCI PHILIPPINES,,Foreign,9.0,8.0,-1.0
2025-10-17,EPOL,ISHARES:MSCI POLAND,,Foreign,-22.0,5.0,27.0
2025-10-17,EPU,ISHARES:MSCI PERU,,Foreign,0.0,34.0,34.0
2025-10-17,EQIX,"EQUINIX, INC.",Real Estate,Real Estate,-13.0,-55.0,-42.0
2025-10-17,EQR,EQUITY RESIDENTIAL,Real Estate,Real Estate,-28.0,-0.0,28.0
2025-10-17,EQT,EQT ,Energy,Energy,-14.0,5.0,19.0
2025-10-17,ERIE,ERIE INDEMNITY COMPANY,Financials,Financials,0.0,-41.0,-41.0
2025-10-17,ES,EVERSOURCE ENERGY,Utilities,Utilities,-4.0,-33.0,-29.0
2025-10-17,ES=F,E-MINI S&P 500 FUTURES,,Futures,-45.0,-1.0,44.0
2025-10-17,ESS,"ESSEX PROPERTY TRUST, INC.",Real Estate,Real Estate,0.0,-0.0,-0.0
2025-10-17,ETN,EATON  PUBLIC LIMITED COMPANY,Industrials,Industrials,-43.0,-24.0,19.0
2025-10-17,ETR,ENTERGY ,Utilities,Utilities,-62.0,0.0,62.0
2025-10-17,EVRG,"EVERGY, INC.",Utilities,Utilities,14.0,24.0,10.0
2025-10-17,EW,EDWARDS LIFESCIENCES ,Health Care,Health Care,6.0,-0.0,-6.0
2025-10-17,EWA,ISHARES:MSCI AUSTRALIA,,Foreign,-47.0,-24.0,23.0
2025-10-17,EWC,ISHARES:MSCI CANADA,,Foreign,0.0,64.0,64.0
2025-10-17,EWD,ISHARES:MSCI SWEDEN,,Foreign,-39.0,5.0,44.0
2025-10-17,EWG,ISHARES:MSCI GERMANY,,Foreign,0.0,18.0,18.0
2025-10-17,EWH,ISHARES:MSCI HONG KONG,,Foreign,-19.0,24.0,43.0
2025-10-17,EWI,ISHARES:MSCI ITALY,,Foreign,0.0,79.0,79.0
2025-10-17,EWJ,ISHARES:MSCI JAPAN,,Foreign,-34.0,-22.0,12.0
2025-10-17,EWK,ISHARES:MSCI BELGIUM,,Foreign,-52.0,-30.0,22.0
2025-10-17,EWL,ISHARES:MSCI SWITZERLAND,,Foreign,-57.0,-77.0,-20.0
2025-10-17,EWM,ISHARES:MSCI MALAYSIA,,Foreign,-14.0,14.0,28.0
2025-10-17,EWN,ISHARES:MSCI NETHERLANDS,,Foreign,-24.0,23.0,47.0
2025-10-17,EWO,ISHARES:MSCI AUSTRIA,,Foreign,0.0,52.0,52.0
2025-10-17,EWP,ISHARES:MSCI SPAIN,,Foreign,-15.0,43.0,58.0
2025-10-17,EWQ,ISHARES:MSCI FRANCE,,Foreign,-54.0,-31.0,23.0
2025-10-17,EWS,ISHARES:MSCI SINGAPORE,,Foreign,3.0,35.0,32.0
2025-10-17,EWT,ISHARES:MSCI TAIWAN,,Foreign,-84.0,-56.0,28.0
2025-10-17,EWU,ISHARES:MSCI UK,,Foreign,0.0,14.0,14.0
2025-10-17,EWW,ISHARES:MSCI MEXICO,,Foreign,-20.0,12.0,32.0
2025-10-17,EWY,ISHARES:MSCI S KOREA,,Foreign,-54.0,1.0,55.0
2025-10-17,EWZ,ISHARES:MSCI BRAZIL,,Foreign,-15.0,23.0,38.0
2025-10-17,EXC,EXELON ,Utilities,Utilities,-5.0,-33.0,-28.0
2025-10-17,EXE,EXPAND ENERGY ,Energy,Energy,9.0,14.0,5.0
2025-10-17,EXPD,EXPEDITORS INTERNATIONAL OF WASHINGTON,Industrials,Industrials,-51.0,-0.0,51.0
2025-10-17,EXPE,"EXPEDIA GROUP, INC.",Consumer Discretionary,Consumer Discretionary,0.0,67.0,67.0
2025-10-17,EXR,EXTRA SPACE STORAGE INC.,Real Estate,Real Estate,-83.0,-70.0,13.0
2025-10-17,F,FORD MOTOR COMPANY,Consumer Discretionary,Consumer Discretionary,-41.0,16.0,57.0
2025-10-17,FANG,"DIAMONDBACK ENERGY, INC.",Energy,Energy,10.0,-24.0,-34.0
2025-10-17,FAST,FASTENAL COMPANY,Industrials,Industrials,-69.0,0.0,69.0
2025-10-17,FCX,FREEPORT-MCMORAN INC.,Materials,Materials,0.0,-11.0,-11.0
2025-10-17,FDS,FACTSET RESEARCH SYSTEMS INC.,Financials,Financials,0.0,-0.0,-0.0
2025-10-17,FDX,FEDEX ,Industrials,Industrials,-45.0,-31.0,14.0
2025-10-17,FE,FIRSTENERGY CORP.,Utilities,Utilities,0.0,-2.0,-2.0
2025-10-17,FFIV,"F5, INC.",Information Technology,Information Technology,-26.0,38.0,64.0
2025-10-17,FI,"FISERV, INC.",Financials,Financials,39.0,-0.0,-39.0
2025-10-17,FICO,FAIR ISAAC ,Information Technology,Information Technology,57.0,16.0,-41.0
2025-10-17,FIS,FIDELITY NATIONAL INFORMATION SERVICES,Financials,Financials,-34.0,-34.0,-0.0
2025-10-17,FITB,FIFTH THIRD BANCORP,Financials,Financials,-67.0,0.0,67.0
2025-10-17,FOXA,FOX ,Communication Services,Communication Services,-56.0,0.0,56.0
2025-10-17,FRO,FRONTLINE PLC,,MR Discretion,-5.0,-22.0,-17.0
2025-10-17,FRT,FEDERAL REALTY INVESTMENT TRUST,Real Estate,Real Estate,10.0,-0.0,-10.0
2025-10-17,FSLR,"FIRST SOLAR, INC.",Information Technology,Information Technology,-16.0,-26.0,-10.0
2025-10-17,FTI,TECHNIPFMC PLC,,MR Discretion,0.0,28.0,28.0
2025-10-17,FTNT,"FORTINET, INC.",Information Technology,Information Technology,0.0,-0.0,-0.0
2025-10-17,FTV,FORTIVE ,Industrials,Industrials,-5.0,-49.0,-44.0
2025-10-17,FVX,5 YR TSY YLD NDX,Yields,Yields,9.0,-48.0,-57.0
2025-10-17,FXA,INVESCO:AU DOLLAR,,Currencies,8.0,-2.0,-10.0
2025-10-17,FXB,INVESCO:GBP STERLING,,Currencies,-39.0,5.0,44.0
2025-10-17,FXC,INVESCO:CANADIAN DOLLAR,,Currencies,-37.0,-41.0,-4.0
2025-10-17,FXE,INVESCO:EURO,,Currencies,-31.0,25.0,56.0
2025-10-17,FXY,INVESCO:JAPANESE YEN,,Currencies,13.0,24.0,11.0
2025-10-17,GD,GENERAL DYNAMICS ,Industrials,Industrials,2.0,57.0,55.0
2025-10-17,GDDY,GODADDY INC.,Information Technology,Information Technology,0.0,-0.0,-0.0
2025-10-17,GDX,VANECK:GOLD MINERS,,Commodities,0.0,55.0,55.0
2025-10-17,GDXJ,VANECK:JR GOLD MINERS,,Commodities,-15.0,47.0,62.0
2025-10-17,GE,GENERAL ELECTRIC COMPANY,Industrials,Industrials,-70.0,3.0,73.0
2025-10-17,GEHC,GE HEALTHCARE TECHNOLOGIES INC.,Health Care,Health Care,-22.0,-37.0,-15.0
2025-10-17,GEN,GEN DIGITAL INC.,Information Technology,Information Technology,7.0,0.0,-7.0
2025-10-17,GEOS,GEOSPACE TECHNOLOGIES ,,MR Discretion,2.0,28.0,26.0
2025-10-17,GEV,GE VERNOVA INC.,Industrials,Industrials,9.0,38.0,29.0
2025-10-17,GGB,GERDAU SA,,MR Discretion,-36.0,-67.0,-31.0
2025-10-17,GILD,"GILEAD SCIENCES, INC.",Health Care,Health Care,-43.0,15.0,58.0
2025-10-17,GIS,"GENERAL MILLS, INC.",Consumer Staples,Consumer Staples,21.0,-30.0,-51.0
2025-10-17,GL,GLOBE LIFE INC.,Financials,Financials,0.0,-6.0,-6.0
2025-10-17,GLATF,GLOBAL ATOMIC ,,MR Discretion,59.0,24.0,-35.0
2025-10-17,GLD,SPDR GOLD,Gold,Commodities,-1.0,44.0,45.0
2025-10-17,GLW,CORNING INC.,Information Technology,Information Technology,0.0,59.0,59.0
2025-10-17,GM,GENERAL MOTORS COMPANY,Consumer Discretionary,Consumer Discretionary,13.0,59.0,46.0
2025-10-17,GNK,GENCO SHIPPING & TRADING LIMITED,,MR Discretion,3.0,41.0,38.0
2025-10-17,GNRC,GENERAC HOLDINGS INC.,Industrials,Industrials,-45.0,-19.0,26.0
2025-10-17,GOOGL,ALPHABET INC.,Communication Services,Communication Services,-48.0,8.0,56.0
2025-10-17,GPC,GENUINE PARTS COMPANY,Consumer Discretionary,Consumer Discretionary,8.0,13.0,5.0
2025-10-17,GPN,GLOBAL PAYMENTS INC.,Financials,Financials,-10.0,-22.0,-12.0
2025-10-17,GREK,GLBL X MSCI GREECE,,Foreign,42.0,67.0,25.0
2025-10-17,GRMN,GARMIN LTD,Consumer Discretionary,Consumer Discretionary,-8.0,35.0,43.0
2025-10-17,GS,"THE GOLDMAN SACHS GROUP, INC.",Financials,Financials,-46.0,12.0,58.0
2025-10-17,GWW,"W.W. GRAINGER, INC.",Industrials,Industrials,14.0,-0.0,-14.0
2025-10-17,HAL,HALLIBURTON COMPANY,Energy,Energy,0.0,14.0,14.0
2025-10-17,HAS,"HASBRO, INC.",Consumer Discretionary,Consumer Discretionary,-11.0,24.0,35.0
2025-10-17,HBAN,HUNTINGTON BANCSHARES INC.,Financials,Financials,-46.0,0.0,46.0
2025-10-17,HCA,"HCA HEALTHCARE, INC.",Health Care,Health Care,21.0,28.0,7.0
2025-10-17,HD,"THE HOME DEPOT, INC.",Consumer Discretionary,Consumer Discretionary,-23.0,0.0,23.0
2025-10-17,HIG,THE HARTFORD FINANCIAL SERVICES GROUP,Financials,Financials,8.0,0.0,-8.0
2025-10-17,HII,"HUNTINGTON INGALLS INDUSTRIES, INC.",Industrials,Industrials,0.0,16.0,16.0
2025-10-17,HLT,HILTON WORLDWIDE HOLDINGS INC.,Consumer Discretionary,Consumer Discretionary,38.0,17.0,-21.0
2025-10-17,HLX,"HELIX ENERGY SOLUTIONS GROUP, INC.",,MR Discretion,-9.0,-26.0,-17.0
2025-10-17,HOLX,"HOLOGIC, INC.",Health Care,Health Care,-36.0,-72.0,-36.0
2025-10-17,HON,HONEYWELL INTERNATIONAL INC.,Industrials,Industrials,31.0,23.0,-8.0
2025-10-17,HOOD,"ROBINHOOD MARKETS, INC.",Financials,Financials,12.0,67.0,55.0
2025-10-17,HPE,HEWLETT PACKARD ENTERPRISE COMPANY,Information Technology,Information Technology,26.0,49.0,23.0
2025-10-17,HPQ,HP INC.,Information Technology,Information Technology,-68.0,-42.0,26.0
2025-10-17,HRL,HORMEL FOODS ,Consumer Staples,Consumer Staples,0.0,0.0,-0.0
2025-10-17,HSIC,"HENRY SCHEIN, INC.",Health Care,Health Care,11.0,-7.0,-18.0
2025-10-17,HST,"HOST HOTELS & RESORTS, INC.",Real Estate,Real Estate,23.0,29.0,6.0
2025-10-17,HSY,THE HERSHEY COMPANY,Consumer Staples,Consumer Staples,6.0,5.0,-1.0
2025-10-17,HUBB,HUBBELL INC.,Industrials,Industrials,-25.0,-8.0,17.0
2025-10-17,HUM,HUMANA INC.,Health Care,Health Care,-9.0,-56.0,-47.0
2025-10-17,HWM,HOWMET AEROSPACE INC.,Industrials,Industrials,-13.0,58.0,71.0
2025-10-17,HYG,ISHARES:IBOXX $HY CORP,Bonds,Bonds,33.0,23.0,-10.0
2025-10-17,IBKR,"INTERACTIVE BROKERS GROUP, INC.",Financials,Financials,2.0,57.0,55.0
2025-10-17,IBM,INTERNATIONAL BUSINESS MACHINES ,Information Technology,Information Technology,-5.0,14.0,19.0
2025-10-17,ICE,"INTERCONTINENTAL EXCHANGE, INC.",Financials,Financials,0.0,0.0,-0.0
2025-10-17,ICL,ICL GROUP LTD,,MR Discretion,12.0,24.0,12.0
2025-10-17,IDXX,"IDEXX LABORATORIES, INC.",Health Care,Health Care,-20.0,12.0,32.0
2025-10-17,IEF,ISHARES:7-10 TRS BD ETF,Bonds,Bonds,-4.0,55.0,59.0
2025-10-17,IEX,IDEX ,Industrials,Industrials,-44.0,-88.0,-44.0
2025-10-17,IFF,INTERNATIONAL FLAVORS & FRAGRANCES INC.,Materials,Materials,0.0,-0.0,-0.0
2025-10-17,INCY,INCYTE ,Health Care,Health Care,1.0,63.0,62.0
2025-10-17,INDA,ISHARES:MSCI INDIA,,Foreign,-76.0,-38.0,38.0
2025-10-17,INTC,INTEL ,Information Technology,Information Technology,-11.0,-39.0,-28.0
2025-10-17,INTU,INTUIT INC.,Information Technology,Information Technology,-23.0,-15.0,8.0
2025-10-17,INVH,INVITATION HOMES INC.,Real Estate,Real Estate,-7.0,-15.0,-8.0
2025-10-17,IP,INTERNATIONAL PAPER COMPANY,Materials,Materials,0.0,-24.0,-24.0
2025-10-17,IPG,THE INTERPUBLIC GROUP,Communication Services,Communication Services,-34.0,-20.0,14.0
2025-10-17,IQV,IQVIA HOLDINGS INC,Health Care,Health Care,-26.0,-30.0,-4.0
2025-10-17,IR,INGERSOLL RAND INC.,Industrials,Industrials,-31.0,-15.0,16.0
2025-10-17,IRM,IRON MOUNTAIN INC.,Real Estate,Real Estate,48.0,14.0,-34.0
2025-10-17,ISRG,"INTUITIVE SURGICAL, INC.",Health Care,Health Care,-27.0,-41.0,-14.0
2025-10-17,IT,"GARTNER, INC.",Information Technology,Information Technology,41.0,-0.0,-41.0
2025-10-17,ITW,ILLINOIS TOOL WORKS INC.,Industrials,Industrials,-40.0,0.0,40.0
2025-10-17,IVZ,INVESCO LTD.,Financials,Financials,4.0,28.0,24.0
2025-10-17,IWD,ISHARES:RUSS 1000 VL ETF,,Sector & Style ETFs,-9.0,14.0,23.0
2025-10-17,IWF,ISHARES:RUSS 1000 GR ETF,,Sector & Style ETFs,-6.0,60.0,66.0
2025-10-17,IWM,ISHARES:RUSS 2000 ETF,,Sector & Style ETFs,-53.0,14.0,67.0
2025-10-17,J,JACOBS SOLUTIONS INC.,Industrials,Industrials,-81.0,-31.0,50.0
2025-10-17,JBHT,"J. B. HUNT TRANSPORT SERVICES, INC.",Industrials,Industrials,-84.0,-89.0,-5.0
2025-10-17,JBL,JABIL INC.,Information Technology,Information Technology,-53.0,-2.0,51.0
2025-10-17,JCI,JOHNSON CONTROLS INTERNATIONAL PLC,Industrials,Industrials,-30.0,28.0,58.0
2025-10-17,JKHY,"JACK HENRY & ASSOCIATES, INC.",Financials,Financials,-52.0,-52.0,-0.0
2025-10-17,JNJ,JOHNSON & JOHNSON,Health Care,Health Care,-9.0,-39.0,-30.0
2025-10-17,JPM,JPMORGAN CHASE & CO.,Financials,Financials,-28.0,14.0,42.0
2025-10-17,K,KELLANOVA,Consumer Staples,Consumer Staples,0.0,-11.0,-11.0
2025-10-17,KDP,KEURIG DR PEPPER INC.,Consumer Staples,Consumer Staples,-0.0,-0.0,0.0
2025-10-17,KEY,KEYCORP,Financials,Financials,-51.0,0.0,51.0
2025-10-17,KEYS,"KEYSIGHT TECHNOLOGIES, INC.",Information Technology,Information Technology,-8.0,59.0,67.0
2025-10-17,KHC,THE KRAFT HEINZ COMPANY,Consumer Staples,Consumer Staples,-58.0,-71.0,-13.0
2025-10-17,KIM,KIMCO REALTY .,Real Estate,Real Estate,-0.0,-0.0,0.0
2025-10-17,KKR,KKR & CO. INC.,Financials,Financials,-23.0,11.0,34.0
2025-10-17,KLAC,KLA ,Information Technology,Information Technology,-50.0,7.0,57.0
2025-10-17,KMB,KIMBERLY-CLARK ,Consumer Staples,Consumer Staples,-52.0,-24.0,28.0
2025-10-17,KMI,"KINDER MORGAN, INC.",Energy,Energy,43.0,69.0,26.0
2025-10-17,KMX,"CARMAX, INC.",Consumer Discretionary,Consumer Discretionary,0.0,-0.0,-0.0
2025-10-17,KO,THE COCA-COLA COMPANY,Consumer Staples,Consumer Staples,-33.0,-21.0,12.0
2025-10-17,KR,THE KROGER CO.,Consumer Staples,Consumer Staples,-34.0,-22.0,12.0
2025-10-17,KVUE,KENVUE INC.,Consumer Staples,Consumer Staples,41.0,0.0,-41.0
2025-10-17,L,LOEWS ,Financials,Financials,22.0,57.0,35.0
2025-10-17,LDOS,"LEIDOS HOLDINGS, INC.",Industrials,Industrials,10.0,67.0,57.0
2025-10-17,LEN,LENNAR ,Consumer Discretionary,Consumer Discretionary,-9.0,-17.0,-8.0
2025-10-17,LH,LABORATORY  OF AMERICA HOLDINGS,Health Care,Health Care,-30.0,-25.0,5.0
2025-10-17,LHX,"L3HARRIS TECHNOLOGIES, INC.",Industrials,Industrials,2.0,57.0,55.0
2025-10-17,LII,LENNOX INTERNATIONAL INC.,Industrials,Industrials,-36.0,-14.0,22.0
2025-10-17,LIN,LINDE PUBLIC LIMITED COMPANY,Materials,Materials,-28.0,0.0,28.0
2025-10-17,LKQ,LKQ ,Consumer Discretionary,Consumer Discretionary,10.0,-0.0,-10.0
2025-10-17,LLY,ELI LILLY AND COMPANY,Health Care,Health Care,-6.0,-73.0,-67.0
2025-10-17,LMT,LOCKHEED MARTIN ,Industrials,Industrials,47.0,8.0,-39.0
2025-10-17,LNT,ALLIANT ENERGY ,Utilities,Utilities,-6.0,-6.0,0.0
2025-10-17,LOW,"LOWE'S COMPANIES, INC.",Consumer Discretionary,Consumer Discretionary,-23.0,0.0,23.0
2025-10-17,LQD,ISHARES:IBOXX $IG CORP,Bonds,Bonds,18.0,55.0,37.0
2025-10-17,LRCX,LAM RESEARCH ,Information Technology,Information Technology,-20.0,-1.0,19.0
2025-10-17,LULU,LULULEMON ATHLETICA INC.,Consumer Discretionary,Consumer Discretionary,9.0,-44.0,-53.0
2025-10-17,LUV,SOUTHWEST AIRLINES CO.,Industrials,Industrials,-6.0,12.0,18.0
2025-10-17,LVS,LAS VEGAS SANDS CORP.,Consumer Discretionary,Consumer Discretionary,-24.0,14.0,38.0
2025-10-17,LW,"LAMB WESTON HOLDINGS, INC.",Consumer Staples,Consumer Staples,-44.0,-102.0,-58.0
2025-10-17,LYB,LYONDELLBASELL INDUSTRIES NV,Materials,Materials,21.0,-0.0,-21.0
2025-10-17,LYV,"LIVE NATION ENTERTAINMENT, INC.",Communication Services,Communication Services,0.0,0.0,0.0
2025-10-17,MA,MASTERCARD INC..,Financials,Financials,-10.0,26.0,36.0
2025-10-17,MAA,"MID-AMERICA APARTMENT COMMUNITIES, INC.",Real Estate,Real Estate,18.0,-0.0,-18.0
2025-10-17,MAR,"MARRIOTT INTERNATIONAL, INC.",Consumer Discretionary,Consumer Discretionary,7.0,-8.0,-15.0
2025-10-17,MAS,MASCO ,Industrials,Industrials,-32.0,-6.0,26.0
2025-10-17,MCD,MCDONALD'S ,Consumer Discretionary,Consumer Discretionary,9.0,24.0,15.0
2025-10-17,MCHI,ISHARES:MSCI CHINA,,Foreign,-10.0,57.0,67.0
2025-10-17,MCHP,MICROCHIP TECHNOLOGY INC.,Information Technology,Information Technology,-36.0,-41.0,-5.0
2025-10-17,MCK,MCKESSON ,Health Care,Health Care,-4.0,-24.0,-20.0
2025-10-17,MCO,MOODY'S ,Financials,Financials,12.0,4.0,-8.0
2025-10-17,MDLZ,"MONDELEZ INTERNATIONAL, INC.",Consumer Staples,Consumer Staples,-41.0,-22.0,19.0
2025-10-17,MDT,MEDTRONIC PUBLIC LIMITED COMPANY,Health Care,Health Care,0.0,13.0,13.0
2025-10-17,MDY,SPDR S&P MIDCAP 400 ETF,,Sector & Style ETFs,16.0,80.0,64.0
2025-10-17,MET,"METLIFE, INC.",Financials,Financials,23.0,19.0,-4.0
2025-10-17,META,"META PLATFORMS, INC.",Communication Services,Communication Services,23.0,27.0,4.0
2025-10-17,MGM,MGM RESORTS INTERNATIONAL,Consumer Discretionary,Consumer Discretionary,-23.0,0.0,23.0
2025-10-17,MHK,"MOHAWK INDUSTRIES, INC.",Consumer Discretionary,Consumer Discretionary,-55.0,-21.0,34.0
2025-10-17,MKC,"MCCORMICK & COMPANY, INC.",Consumer Staples,Consumer Staples,-2.0,-11.0,-9.0
2025-10-17,MLM,"MARTIN MARIETTA MATERIALS, INC.",Materials,Materials,74.0,50.0,-24.0
2025-10-17,MMC,"MARSH & MCLENNAN COMPANIES, INC.",Financials,Financials,83.0,15.0,-68.0
2025-10-17,MMM,3M COMPANY,Industrials,Industrials,4.0,27.0,23.0
2025-10-17,MNST,MONSTER BEVERAGE ,Consumer Staples,Consumer Staples,-2.0,-39.0,-37.0
2025-10-17,MO,"ALTRIA GROUP, INC.",Consumer Staples,Consumer Staples,-23.0,35.0,58.0
2025-10-17,MOH,"MOLINA HEALTHCARE, INC.",Health Care,Health Care,0.0,-79.0,-79.0
2025-10-17,MOS,THE MOSAIC COMPANY,Materials,Materials,6.0,0.0,-6.0
2025-10-17,MP,MP MATERIALS CORP,,MR Discretion,13.0,34.0,21.0
2025-10-17,MPC,MARATHON PETROLEUM ,Energy,Energy,34.0,55.0,21.0
2025-10-17,MPWR,"MONOLITHIC POWER SYSTEMS, INC.",Information Technology,Information Technology,-74.0,-27.0,47.0
2025-10-17,MRK,"MERCK & CO., INC.",Health Care,Health Care,21.0,-49.0,-70.0
2025-10-17,MRNA,"MODERNA, INC.",Health Care,Health Care,7.0,-51.0,-58.0
2025-10-17,MS,MORGAN STANLEY,Financials,Financials,-12.0,55.0,67.0
2025-10-17,MSCI,MSCI INC.,Financials,Financials,20.0,-21.0,-41.0
2025-10-17,MSFT,MICROSOFT ,Information Technology,Information Technology,-4.0,15.0,19.0
2025-10-17,MSI,"MOTOROLA SOLUTIONS, INC.",Information Technology,Information Technology,62.0,79.0,17.0
2025-10-17,MTB,M&T BANK ,Financials,Financials,-17.0,0.0,17.0
2025-10-17,MTCH,"MATCH GROUP, INC.",Communication Services,Communication Services,-10.0,0.0,10.0
2025-10-17,MTD,METTLER-TOLEDO INTERNATIONAL INC.,Health Care,Health Care,-59.0,-47.0,12.0
2025-10-17,MTUM,ISHARES:MSCI USA MOM FCT,,Sector & Style ETFs,-28.0,-2.0,26.0
2025-10-17,MU,"MICRON TECHNOLOGY, INC.",Information Technology,Information Technology,-53.0,-41.0,12.0
2025-10-17,NCLH,NORWEGIAN CRUISE LINE HOLDINGS LTD.,Consumer Discretionary,Consumer Discretionary,13.0,28.0,15.0
2025-10-17,NDAQ,"NASDAQ, INC.",Financials,Financials,7.0,7.0,0.0
2025-10-17,NDSN,NORDSON ,Industrials,Industrials,-25.0,-55.0,-30.0
2025-10-17,NDX,NASDAQ 100 INDEX,,Indices,-23.0,21.0,44.0
2025-10-17,NEE,"NEXTERA ENERGY, INC.",Utilities,Utilities,-43.0,-49.0,-6.0
2025-10-17,NEM,NEWMONT ,Materials,Materials,-38.0,24.0,62.0
2025-10-17,NFLX,"NETFLIX, INC.",Communication Services,Communication Services,17.0,17.0,-0.0
2025-10-17,NI,NISOURCE INC.,Utilities,Utilities,-8.0,-8.0,0.0
2025-10-17,NKE,"NIKE, INC.",Consumer Discretionary,Consumer Discretionary,-30.0,-16.0,14.0
2025-10-17,NOC,NORTHROP GRUMMAN ,Industrials,Industrials,42.0,16.0,-26.0
2025-10-17,NORW,GLBL X MSCI NORWAY ETF,,Foreign,20.0,49.0,29.0
2025-10-17,NOV,NOV INC.,,MR Discretion,-5.0,14.0,19.0
2025-10-17,NOW,"SERVICENOW, INC.",Information Technology,Information Technology,17.0,38.0,21.0
2025-10-17,NQ=F,NASDAQ 100 FUTURES,,Futures,-19.0,16.0,35.0
2025-10-17,NRG,"NRG ENERGY, INC.",Utilities,Utilities,-11.0,68.0,79.0
2025-10-17,NSC,NORFOLK SOUTHERN ,Industrials,Industrials,-7.0,48.0,55.0
2025-10-17,NTAP,"NETAPP, INC.",Information Technology,Information Technology,10.0,46.0,36.0
2025-10-17,NTRS,NORTHERN TRUST ,Financials,Financials,-4.0,67.0,71.0
2025-10-17,NUE,NUCOR ,Materials,Materials,-30.0,-26.0,4.0
2025-10-17,NVDA,NVIDIA ,Information Technology,Information Technology,-5.0,53.0,58.0
2025-10-17,NVR,"NVR, INC.",Consumer Discretionary,Consumer Discretionary,-18.0,0.0,18.0
2025-10-17,NWSA,NEWS CORP.,Communication Services,Communication Services,0.0,0.0,0.0
2025-10-17,NXPI,NXP SEMICONDUCTORS NV,Information Technology,Information Technology,22.0,68.0,46.0
2025-10-17,O,REALTY INCOME ,Real Estate,Real Estate,-29.0,5.0,34.0
2025-10-17,ODFL,"OLD DOMINION FREIGHT LINE, INC.",Industrials,Industrials,-11.0,-17.0,-6.0
2025-10-17,OEF,ISHARES:S&P 100,,Sector & Style ETFs,20.0,80.0,60.0
2025-10-17,OKE,"ONEOK, INC.",Energy,Energy,33.0,-6.0,-39.0
2025-10-17,OMC,OMNICOM GROUP INC.,Communication Services,Communication Services,-13.0,-55.0,-42.0
2025-10-17,ON,ON SEMICONDUCTOR ,Information Technology,Information Technology,-67.0,-67.0,-0.0
2025-10-17,ORCL,ORACLE ,Information Technology,Information Technology,45.0,40.0,-5.0
2025-10-17,ORLY,"O'REILLY AUTOMOTIVE, INC.",Consumer Discretionary,Consumer Discretionary,-43.0,0.0,43.0
2025-10-17,OTIS,OTIS WORLDWIDE ,Industrials,Industrials,24.0,-0.0,-24.0
2025-10-17,OXY,OCCIDENTAL PETROLEUM ,Energy,Energy,16.0,14.0,-2.0
2025-10-17,PAM,PAMPA ENERGIA SA,,MR Discretion,0.0,-34.0,-34.0
2025-10-17,PANW,"PALO ALTO NETWORKS, INC.",Information Technology,Information Technology,9.0,-12.0,-21.0
2025-10-17,PAYC,"PAYCOM SOFTWARE, INC.",Industrials,Industrials,37.0,30.0,-7.0
2025-10-17,PAYX,"PAYCHEX, INC.",Industrials,Industrials,26.0,-15.0,-41.0
2025-10-17,PBR,BRAZILIAN PETROLEUM  - PETROBRAS,,MR Discretion,0.0,-1.0,-1.0
2025-10-17,PCAR,PACCAR INC,Industrials,Industrials,-6.0,22.0,28.0
2025-10-17,PCG,PG&E ,Utilities,Utilities,-23.0,-62.0,-39.0
2025-10-17,PEG,PUBLIC SERVICE ENTERPRISE GROUP INC.,Utilities,Utilities,0.0,0.0,0.0
2025-10-17,PEP,"PEPSICO, INC.",Consumer Staples,Consumer Staples,-17.0,-68.0,-51.0
2025-10-17,PFE,PFIZER INC.,Health Care,Health Care,20.0,-5.0,-25.0
2025-10-17,PFG,"PRINCIPAL FINANCIAL GROUP, INC.",Financials,Financials,12.0,32.0,20.0
2025-10-17,PG,THE PROCTER & GAMBLE COMPANY,Consumer Staples,Consumer Staples,44.0,36.0,-8.0
2025-10-17,PGR,THE PROGRESSIVE ,Financials,Financials,41.0,-0.0,-41.0
2025-10-17,PH,PARKER-HANNIFIN ,Industrials,Industrials,16.0,80.0,64.0
2025-10-17,PHM,"PULTEGROUP, INC.",Consumer Discretionary,Consumer Discretionary,-34.0,0.0,34.0
2025-10-17,PKG,PACKAGING  OF AMERICA,Materials,Materials,26.0,54.0,28.0
2025-10-17,PLD,"PROLOGIS, INC.",Real Estate,Real Estate,-116.0,-86.0,30.0
2025-10-17,PLTR,PALANTIR TECHNOLOGIES INC.,Information Technology,Information Technology,0.0,79.0,79.0
2025-10-17,PM,PHILIP MORRIS INTERNATIONAL INC.,Consumer Staples,Consumer Staples,0.0,0.0,0.0
2025-10-17,PNC,"THE PNC FINANCIAL SERVICES GROUP, INC.",Financials,Financials,-41.0,0.0,41.0
2025-10-17,PNR,PENTAIR PUBLIC LIMITED COMPANY,Industrials,Industrials,-2.0,52.0,54.0
2025-10-17,PNW,PINNACLE WEST CAPITAL ,Utilities,Utilities,-3.0,-33.0,-30.0
2025-10-17,PODD,INSULET ,Health Care,Health Care,-11.0,61.0,72.0
2025-10-17,POOL,POOL ,Consumer Discretionary,Consumer Discretionary,13.0,-8.0,-21.0
2025-10-17,POWA,INVESCO BLOOMBERG PRICING POWER,,Sector & Style ETFs,-76.0,-22.0,54.0
2025-10-17,PPG,"PPG INDUSTRIES, INC.",Materials,Materials,21.0,-0.0,-21.0
2025-10-17,PPL,PPL ,Utilities,Utilities,-83.0,-21.0,62.0
2025-10-17,PRU,"PRUDENTIAL FINANCIAL, INC.",Financials,Financials,-48.0,-12.0,36.0
2025-10-17,PSA,PUBLIC STORAGE.,Real Estate,Real Estate,-48.0,-53.0,-5.0
2025-10-17,PSKY,PARAMOUNT SKYDANCE ,Communication Services,Communication Services,-21.0,4.0,25.0
2025-10-17,PSX,PHILLIPS 66,Energy,Energy,-7.0,19.0,26.0
2025-10-17,PTC,PTC INC.,Information Technology,Information Technology,-13.0,15.0,28.0
2025-10-17,PWR,"QUANTA SERVICES, INC.",Industrials,Industrials,-34.0,1.0,35.0
2025-10-17,PYPL,"PAYPAL HOLDINGS, INC.",Financials,Financials,55.0,55.0,-0.0
2025-10-17,QAT,ISHARES:MSCI QATAR,,Foreign,0.0,-3.0,-3.0
2025-10-17,QCOM,QUALCOMM INC.,Information Technology,Information Technology,-11.0,68.0,79.0
2025-10-17,QQQ,INVESCO QQQ TRUST 1,,Sector & Style ETFs,-24.0,36.0,60.0
2025-10-17,QUAL,ISHARES:MSCI USA QF,,Sector & Style ETFs,24.0,74.0,50.0
2025-10-17,RCL,ROYAL CARIBBEAN CRUISES LTD.,Consumer Discretionary,Consumer Discretionary,-40.0,0.0,40.0
2025-10-17,REG,REGENCY CENTERS ,Real Estate,Real Estate,-80.0,-26.0,54.0
2025-10-17,REGN,"REGENERON PHARMACEUTICALS, INC.",Health Care,Health Care,9.0,-17.0,-26.0
2025-10-17,RF,REGIONS FINANCIAL ,Financials,Financials,-43.0,0.0,43.0
2025-10-17,RIG,TRANSOCEAN LTD,,MR Discretion,-5.0,-47.0,-42.0
2025-10-17,RJF,"RAYMOND JAMES FINANCIAL, INC.",Financials,Financials,0.0,58.0,58.0
2025-10-17,RL,RALPH LAUREN ,Consumer Discretionary,Consumer Discretionary,-55.0,12.0,67.0
2025-10-17,RMD,RESMED INC.,Health Care,Health Care,8.0,58.0,50.0
2025-10-17,ROK,"ROCKWELL AUTOMATION, INC.",Industrials,Industrials,-20.0,-30.0,-10.0
2025-10-17,ROKU,"ROKU, INC.",,MR Discretion,-43.0,3.0,46.0
2025-10-17,ROL,"ROLLINS, INC.",Industrials,Industrials,2.0,50.0,48.0
2025-10-17,ROP,"ROPER TECHNOLOGIES, INC.",Information Technology,Information Technology,6.0,-52.0,-58.0
2025-10-17,ROST,"ROSS STORES, INC.",Consumer Discretionary,Consumer Discretionary,-62.0,-48.0,14.0
2025-10-17,RSG,"REPUBLIC SERVICES, INC.",Industrials,Industrials,0.0,0.0,-0.0
2025-10-17,RSP,INVESCO S&P500 EWGHT,,Sector & Style ETFs,-12.0,68.0,80.0
2025-10-17,RTX,RTX ,Industrials,Industrials,-57.0,0.0,57.0
2025-10-17,RUT,RUSSELL 2000 INDEX,,Indices,-37.0,-1.0,36.0
2025-10-17,RVTY,"REVVITY, INC.",Health Care,Health Care,-62.0,-56.0,6.0
2025-10-17,SBAC,SBA COMMUNICATIONS ,Real Estate,Real Estate,-6.0,-25.0,-19.0
2025-10-17,SBLK,STAR BULK CARRIERS CORP.,,MR Discretion,-56.0,23.0,79.0
2025-10-17,SBUX,STARBUCKS ,Consumer Discretionary,Consumer Discretionary,-37.0,-41.0,-4.0
2025-10-17,SCHW,THE CHARLES SCHWAB ,Financials,Financials,-26.0,43.0,69.0
2025-10-17,SD,"SANDRIDGE ENERGY, INC.",,MR Discretion,-11.0,3.0,14.0
2025-10-17,SDY,SPDR S&P DIVIDEND,,Sector & Style ETFs,14.0,55.0,41.0
2025-10-17,SHW,THE SHERWIN-WILLIAMS COMPANY,Materials,Materials,80.0,28.0,-52.0
2025-10-17,SHY,ISHARES:1-3 TRS BD ETF,Bonds,Bonds,28.0,20.0,-8.0
2025-10-17,SILJ,ETFMG PRIME JR SILVR MNR,,Commodities,-31.0,16.0,47.0
2025-10-17,SJM,THE J. M. SMUCKER COMPANY,Consumer Staples,Consumer Staples,31.0,-3.0,-34.0
2025-10-17,SLB,SCHLUMBERGER N.V.,Energy,Energy,-6.0,-8.0,-2.0
2025-10-17,SLV,ISHARES:SILVER TRUST,,Commodities,-20.0,41.0,61.0
2025-10-17,SMCI,"SUPER MICRO COMPUTER, INC.",Information Technology,Information Technology,5.0,-21.0,-26.0
2025-10-17,SNA,SNAP-ON INC.,Industrials,Industrials,-96.0,-42.0,54.0
2025-10-17,SNPS,"SYNOPSYS, INC.",Information Technology,Information Technology,8.0,-11.0,-19.0
2025-10-17,SO,THE SOUTHERN COMPANY,Utilities,Utilities,-5.0,-33.0,-28.0
2025-10-17,SOLV,SOLVENTUM ,Health Care,Health Care,0.0,-15.0,-15.0
2025-10-17,SPG,"SIMON PROPERTY GROUP, INC.",Real Estate,Real Estate,50.0,64.0,14.0
2025-10-17,SPGI,S&P GLOBAL INC.,Financials,Financials,-60.0,-0.0,60.0
2025-10-17,SPHB,INVESCO S&P500 HI BE,,Sector & Style ETFs,-19.0,9.0,28.0
2025-10-17,SPLV,INVESCO S&P500 LOWVL,,Sector & Style ETFs,10.0,43.0,33.0
2025-10-17,SPX,S&P 500 INDEX,,Indices,-23.0,21.0,44.0
2025-10-17,SPY,SPDR S&P 500 ETF,,Sector & Style ETFs,8.0,68.0,60.0
2025-10-17,SRE,SEMPRA,Utilities,Utilities,-34.0,-30.0,4.0
2025-10-17,STE,STERIS PUBLIC LIMITED COMPANY,Health Care,Health Care,-18.0,-15.0,3.0
2025-10-17,STIP,ISHARES:0-5 TIPS BD ETF,Bonds,Bonds,30.0,22.0,-8.0
2025-10-17,STLA,STELLANTIS NV,,MR Discretion,-41.0,-96.0,-55.0
2025-10-17,STLD,"STEEL DYNAMICS, INC.",Materials,Materials,-4.0,-30.0,-26.0
2025-10-17,STNG,SCORPIO TANKERS INC.,,MR Discretion,-45.0,-30.0,15.0
2025-10-17,STT,STATE STREET ,Financials,Financials,-23.0,41.0,64.0
2025-10-17,STX,SEAGATE TECHNOLOGY HOLDINGS,Information Technology,Information Technology,14.0,71.0,57.0
2025-10-17,STZ,"CONSTELLATION BRANDS, INC.",Consumer Staples,Consumer Staples,-7.0,-82.0,-75.0
2025-10-17,SW,SMURFIT WESTROCK PUBLIC LIMITED COMPANY,Materials,Materials,-46.0,-15.0,31.0
2025-10-17,SWK,"STANLEY BLACK & DECKER, INC.",Industrials,Industrials,1.0,0.0,-1.0
2025-10-17,SWKS,"SKYWORKS SOLUTIONS, INC.",Information Technology,Information Technology,-27.0,-22.0,5.0
2025-10-17,SYF,SYNCHRONY FINANCIAL,Financials,Financials,36.0,82.0,46.0
2025-10-17,SYK,STRYKER ,Health Care,Health Care,-14.0,-24.0,-10.0
2025-10-17,SYY,SYSCO ,Consumer Staples,Consumer Staples,-67.0,0.0,67.0
2025-10-17,T,AT&T INC.,Communication Services,Communication Services,0.0,0.0,0.0
2025-10-17,TAP,MOLSON COORS BEVERAGE COMPANY,Consumer Staples,Consumer Staples,-31.0,-48.0,-17.0
2025-10-17,TDG,TRANSDIGM GROUP INC.,Industrials,Industrials,0.0,-0.0,-0.0
2025-10-17,TDW,TIDEWATER INC.,,MR Discretion,25.0,-6.0,-31.0
2025-10-17,TDY,TELEDYNE TECHNOLOGIES INC.,Information Technology,Information Technology,30.0,48.0,18.0
2025-10-17,TECH,BIO-TECHNE ,Health Care,Health Care,-26.0,-49.0,-23.0
2025-10-17,TECK,TECK RESOURCES LIMITED,,MR Discretion,-71.0,-70.0,1.0
2025-10-17,TEL,TE CONNECTIVITY LTD,Information Technology,Information Technology,-16.0,12.0,28.0
2025-10-17,TER,"TERADYNE, INC.",Information Technology,Information Technology,-12.0,-17.0,-5.0
2025-10-17,TFC,TRUIST FINANCIAL ,Financials,Financials,-28.0,43.0,71.0
2025-10-17,TGT,TARGET ,Consumer Staples,Consumer Staples,-11.0,-46.0,-35.0
2025-10-17,THD,ISHARES:MSCI THAI,,Foreign,-4.0,19.0,23.0
2025-10-17,TIP,ISHARES:TIPS BD ETF,Bonds,Bonds,22.0,59.0,37.0
2025-10-17,TJX,"THE TJX COMPANIES, INC.",Consumer Discretionary,Consumer Discretionary,-14.0,43.0,57.0
2025-10-17,TKO,"TKO GROUP HOLDINGS, INC.",Communication Services,Communication Services,0.0,0.0,0.0
2025-10-17,TLT,ISHARES:20+ TRS BD ETF,Bonds,Bonds,-69.0,-23.0,46.0
2025-10-17,TMO,THERMO FISHER SCIENTIFIC INC.,Health Care,Health Care,-2.0,-44.0,-42.0
2025-10-17,TMUS,"T-MOBILE US, INC.",Communication Services,Communication Services,0.0,0.0,-0.0
2025-10-17,TNX,10 Y TSY YLD NDX,Yields,Yields,26.0,-42.0,-68.0
2025-10-17,TPL,TEXAS PACIFIC LAND ,Energy,Energy,-11.0,-26.0,-15.0
2025-10-17,TPR,"TAPESTRY, INC.",Consumer Discretionary,Consumer Discretionary,-43.0,24.0,67.0
2025-10-17,TRGP,TARGA RESOURCES CORP.,Energy,Energy,-34.0,0.0,34.0
2025-10-17,TRMB,TRIMBLE INC.,Information Technology,Information Technology,-41.0,38.0,79.0
2025-10-17,TROW,"T. ROWE PRICE GROUP, INC.",Financials,Financials,-3.0,14.0,17.0
2025-10-17,TRV,"THE TRAVELERS COMPANIES, INC.",Financials,Financials,-67.0,0.0,67.0
2025-10-17,TS,TENARIS SA,,MR Discretion,-54.0,25.0,79.0
2025-10-17,TSCO,TRACTOR SUPPLY COMPANY,Consumer Discretionary,Consumer Discretionary,-34.0,-0.0,34.0
2025-10-17,TSLA,"TESLA, INC.",Consumer Discretionary,Consumer Discretionary,11.0,14.0,3.0
2025-10-17,TSN,"TYSON FOODS, INC.",Consumer Staples,Consumer Staples,-26.0,0.0,26.0
2025-10-17,TT,TRANE TECHNOLOGIES PLC,Industrials,Industrials,9.0,8.0,-1.0
2025-10-17,TTD,"THE TRADE DESK, INC.",Communication Services,Communication Services,54.0,-38.0,-92.0
2025-10-17,TTWO,"TAKE-TWO INTERACTIVE SOFTWARE, INC.",Communication Services,Communication Services,-7.0,50.0,57.0
2025-10-17,TUR,ISHARES:MSCI TURKEY,,Foreign,26.0,-8.0,-34.0
2025-10-17,TXN,TEXAS INSTRUMENTS INC.,Information Technology,Information Technology,0.0,0.0,0.0
2025-10-17,TXT,TEXTRON INC.,Industrials,Industrials,40.0,23.0,-17.0
2025-10-17,TYL,"TYLER TECHNOLOGIES, INC.",Information Technology,Information Technology,0.0,-0.0,-0.0
2025-10-17,TYX,30 Y TSY YLD NDX,Yields,Yields,11.0,-48.0,-59.0
2025-10-17,UAL,"UNITED AIRLINES HOLDINGS, INC.",Industrials,Industrials,-17.0,22.0,39.0
2025-10-17,UBER,"UBER TECHNOLOGIES, INC.",Industrials,Industrials,25.0,41.0,16.0
2025-10-17,UDR,"UDR, INC.",Real Estate,Real Estate,-38.0,-10.0,28.0
2025-10-17,UHS,"UNIVERSAL HEALTH SERVICES, INC.",Health Care,Health Care,-8.0,11.0,19.0
2025-10-17,ULTA,"ULTA BEAUTY, INC.",Consumer Discretionary,Consumer Discretionary,8.0,48.0,40.0
2025-10-17,UNG,UNITED STATES NAT GAS,Energy Complex,Commodities,0.0,-5.0,-5.0
2025-10-17,UNH,UNITEDHEALTH GROUP INC.,Health Care,Health Care,10.0,-39.0,-49.0
2025-10-17,UNP,UNION PACIFIC ,Industrials,Industrials,9.0,-21.0,-30.0
2025-10-17,UPS,"UNITED PARCEL SERVICE, INC.",Industrials,Industrials,0.0,-0.0,-0.0
2025-10-17,URI,"UNITED RENTALS, INC.",Industrials,Industrials,-3.0,55.0,58.0
2025-10-17,URNM,SPROTT URANIUM MINERS,,MR Discretion,18.0,6.0,-12.0
2025-10-17,USB,U.S. BANCORP,Financials,Financials,0.0,43.0,43.0
2025-10-17,USO,UNITED STATES OIL FUND,Energy Complex,Commodities,-27.0,-1.0,26.0
2025-10-17,UUP,INVESCO DB USD IDX BL,USD,Currencies,23.0,-73.0,-96.0
2025-10-17,V,VISA INC.,Financials,Financials,43.0,19.0,-24.0
2025-10-17,VAL,VALARIS LIMITED,,MR Discretion,-65.0,-42.0,23.0
2025-10-17,VICI,VICI PROPERTIES INC.,Real Estate,Real Estate,22.0,12.0,-10.0
2025-10-17,VIX,CBOE MKT VOLATILITY IDX,,Volatility,3.0,-37.0,-40.0
2025-10-17,VLO,VALERO ENERGY ,Energy,Energy,4.0,23.0,19.0
2025-10-17,VLTO,VERALTO ,Industrials,Industrials,30.0,14.0,-16.0
2025-10-17,VMC,VULCAN MATERIALS COMPANY,Materials,Materials,21.0,15.0,-6.0
2025-10-17,VNM,VANECK:VIETNAM,,Foreign,0.0,-1.0,-1.0
2025-10-17,VRSK,"VERISK ANALYTICS, INC.",Industrials,Industrials,70.0,0.0,-70.0
2025-10-17,VRSN,"VERISIGN, INC.",Information Technology,Information Technology,0.0,0.0,0.0
2025-10-17,VRTX,VERTEX PHARMACEUTICALS INC.,Health Care,Health Care,-7.0,-55.0,-48.0
2025-10-17,VST,VISTRA CORP.,Utilities,Utilities,23.0,64.0,41.0
2025-10-17,VTR,"VENTAS, INC.",Real Estate,Real Estate,-88.0,-6.0,82.0
2025-10-17,VTRS,VIATRIS INC.,Health Care,Health Care,-48.0,-53.0,-5.0
2025-10-17,VXN,CBOE NASDAQ MKT VOL NDX,,Volatility,0.0,-23.0,-23.0
2025-10-17,VZ,VERIZON COMMUNICATIONS INC.,Communication Services,Communication Services,0.0,0.0,0.0
2025-10-17,WAB,WESTINGHOUSE AIR BRAKE TECHNOLOGIES ,Industrials,Industrials,-2.0,14.0,16.0
2025-10-17,WAT,WATERS ,Health Care,Health Care,-6.0,-53.0,-47.0
2025-10-17,WBD,"WARNER BROS. DISCOVERY, INC.",Communication Services,Communication Services,23.0,25.0,2.0
2025-10-17,WDAY,"WORKDAY, INC.",Information Technology,Information Technology,63.0,12.0,-51.0
2025-10-17,WDC,WESTERN DIGITAL ,Information Technology,Information Technology,-5.0,19.0,24.0
2025-10-17,WEC,"WEC ENERGY GROUP, INC.",Utilities,Utilities,-15.0,20.0,35.0
2025-10-17,WELL,WELLTOWER INC.,Real Estate,Real Estate,-76.0,0.0,76.0
2025-10-17,WFC,WELLS FARGO & COMPANY,Financials,Financials,-15.0,25.0,40.0
2025-10-17,WM,"WASTE MANAGEMENT, INC.",Industrials,Industrials,50.0,26.0,-24.0
2025-10-17,WMB,"THE WILLIAMS COMPANIES, INC.",Energy,Energy,0.0,41.0,41.0
2025-10-17,WMT,WALMART INC.,Consumer Staples,Consumer Staples,-38.0,22.0,60.0
2025-10-17,WRB,W. R. BERKLEY ,Financials,Financials,34.0,67.0,33.0
2025-10-17,WSM,"WILLIAMS-SONOMA, INC.",Consumer Discretionary,Consumer Discretionary,0.0,64.0,64.0
2025-10-17,WST,"WEST PHARMACEUTICAL SERVICES, INC.",Health Care,Health Care,-21.0,-43.0,-22.0
2025-10-17,WTW,WILLIS TOWERS WATSON,Financials,Financials,11.0,67.0,56.0
2025-10-17,WY,WEYERHAEUSER COMPANY,Real Estate,Real Estate,31.0,-4.0,-35.0
2025-10-17,WYNN,"WYNN RESORTS, LIMITED",Consumer Discretionary,Consumer Discretionary,11.0,35.0,24.0
2025-10-17,XEL,XCEL ENERGY INC.,Utilities,Utilities,17.0,-15.0,-32.0
2025-10-17,XES,SPDR S&P OIL&GAS E&S,,MR Discretion,20.0,-22.0,-42.0
2025-10-17,XLB,SEL SECTOR:MATRLS SPDR,,Sector & Style ETFs,14.0,4.0,-10.0
2025-10-17,XLC,SEL SECTOR:COMM SVC SPDR,,Sector & Style ETFs,-53.0,-2.0,51.0
2025-10-17,XLE,SEL SECTOR:ENERGY SPDR,,Sector & Style ETFs,0.0,23.0,23.0
2025-10-17,XLF,SEL SECTOR:FINL S SPDR,,Sector & Style ETFs,-2.0,26.0,28.0
2025-10-17,XLI,SEL SECTOR:INDUST SPDR,,Sector & Style ETFs,-11.0,55.0,66.0
2025-10-17,XLK,SEL SECTOR:TECH SPDR,,Sector & Style ETFs,-36.0,14.0,50.0
2025-10-17,XLP,SEL SECTOR:C STP SPDR,,Sector & Style ETFs,-0.0,-0.0,0.0
2025-10-17,XLRE,SEL SECTOR:RL EST SPDR,,Sector & Style ETFs,-34.0,-42.0,-8.0
2025-10-17,XLU,SEL SECTOR:UTIL SPDR,,Sector & Style ETFs,0.0,-13.0,-13.0
2025-10-17,XLV,SEL SECTOR:H CARE SPDR,,Sector & Style ETFs,-59.0,-83.0,-24.0
2025-10-17,XLY,SEL SECTOR:C DSC SPDR,,Sector & Style ETFs,34.0,85.0,51.0
2025-10-17,XOM,EXXON MOBIL ,Energy,Energy,0.0,6.0,6.0
2025-10-17,XOP,SPDR S&P OIL&GAS EXP,,MR Discretion,-10.0,-2.0,8.0
2025-10-17,XYL,XYLEM INC.,Industrials,Industrials,-1.0,36.0,37.0
2025-10-17,XYZ,"BLOCK, INC.",Financials,Financials,0.0,12.0,12.0
2025-10-17,YUM,"YUM! BRANDS, INC.",Consumer Discretionary,Consumer Discretionary,-3.0,55.0,58.0
2025-10-17,ZBH,"ZIMMER BIOMET HOLDINGS, INC.",Health Care,Health Care,-12.0,-0.0,12.0
2025-10-17,ZBRA,ZEBRA TECHNOLOGIES ,Information Technology,Information Technology,-3.0,23.0,26.0
2025-10-17,ZTS,ZOETIS INC.,Health Care,Health Care,-9.0,-36.0,-27.0
